descrizione,african,asian,caucasian,torso_dorsi_muscle,torso_pectoral_muscle,muscle,age,weight,height,proportions,breast_size,breast_firmness,vertical_position,gender,horizontal_distance,pointiness,breast_volume,nipple_size,nipple_point,face_head_fat,face_angle,face_oval,face_round,face_rectangular,face_square,face_triangular,face_invertedtriangular,face_diamond,face_age,torso_scale_depht,torso_scale_horizontally,torso_scale_vertically,torso_move_horizontally,torso_move_depht,torso_scale_cone_shape,fingers_distance,fingers_diameter,fingers_lenght,scale_hand,hand_position,neck_circum,neck_height,"('torso_scale_depht', 'torso_scale_horizontally', 'torso_scale_vertically', 'torso_move_horizontally', 'torso_move_depht', 'torso_scale_cone_shape')"
"Crea una donna giovane, alta, atletica, di etnia asiatica, con proporzioni snelle, viso ovale e caratteristiche delicate.",0,100,0,0,0,30,25,55,175,50,60,50,0,0,0,0,0,0,0,30,50,50,0,0,0,0,0,0,0,0,0,0,0,0,0,50,40,80.0,50.0,50.0,40.0,60.0,50
"Crea un uomo adulto, di altezza media, corporatura robusta, etnia caucasica, con spalle larghe e volto squadrato.",0,0,100,60,60,80,35,85,170,50,70,50,0,2,0,0,0,0,0,40,60,0,0,0,60,0,0,0,0,0,0,0,0,0,0,50,50,50.0,60.0,70.0,40.0,50.0,50
"Crea una ragazza giovane, bassa, magra, etnia africana, con lineamenti delicati",100,0,0,0,0,40,20,45,160,50,50,50,0,0,0,0,0,0,0,20,30,0,0,0,0,0,0,0,0,0,0,0,0,0,0,40,30,30.0,30.0,30.0,30.0,30.0,50
"Crea un uomo anziano, alto, di corporatura snella, etnia asiatica, con un viso allungato",0,100,0,0,0,50,70,60,185,50,30,50,0,2,0,0,0,0,0,80,20,0,0,0,0,0,0,0,0,0,0,0,0,0,0,40,40,20.0,40.0,30.0,30.0,30.0,50
"Crea una donna adulta, di altezza media, corporatura normale, etnia caucasica, con proporzioni armoniose e viso ovale.",0,0,100,0,0,50,30,65,170,50,70,50,0,0,0,0,0,0,0,40,50,60,0,0,0,0,0,0,0,0,0,0,0,0,0,50,50,50.0,50.0,40.0,50.0,40.0,50
"Crea un ragazzo giovane, alto, muscoloso, di etnia africana, con spalle possenti e viso rettangolare.",100,0,0,80,80,90,25,75,190,50,30,50,0,2,0,0,0,0,0,20,60,0,0,60,0,0,0,0,0,0,0,0,0,0,0,60,50,50.0,60.0,60.0,60.0,60.0,50
"Crea una donna giovane, alta, atletica, di etnia asiatica, con proporzioni snelle, viso ovale e caratteristiche delicate.",0,100,0,0,0,40,25,55,175,50,60,50,0,0,0,0,0,0,0,30,50,50,0,0,0,0,0,0,0,0,0,0,0,0,0,50,40,80.0,50.0,50.0,40.0,60.0,50
"Crea un uomo adulto, di altezza media, corporatura robusta, etnia caucasica, con spalle larghe e volto squadrato.",0,0,100,60,60,80,35,85,170,50,70,50,0,2,0,0,0,0,0,40,60,0,0,0,60,0,0,0,0,0,0,0,0,0,0,50,50,50.0,60.0,70.0,40.0,50.0,50
"Crea una ragazza giovane, bassa, magra, etnia africana, con lineamenti delicati",100,0,0,0,0,40,20,45,160,50,50,50,0,0,0,0,0,0,0,20,30,0,0,0,0,0,0,0,0,0,0,0,0,0,0,40,30,30.0,30.0,30.0,30.0,30.0,50
"Crea un uomo anziano, alto, di corporatura snella, etnia asiatica, con un viso allungato",0,100,0,0,0,50,70,60,185,50,30,50,0,2,0,0,0,0,0,80,20,0,0,0,0,0,0,0,0,0,0,0,0,0,0,40,40,20.0,40.0,30.0,30.0,30.0,50
"Crea una donna adulta, di altezza media, corporatura normale, etnia caucasica, con proporzioni armoniose e viso ovale.",0,0,100,0,0,50,40,65,170,50,70,50,0,0,0,0,0,0,0,40,50,60,0,0,0,0,0,0,0,0,0,0,0,0,0,50,50,50.0,50.0,40.0,50.0,40.0,50
"Crea un ragazzo giovane, alto, muscoloso, di etnia africana, con spalle possenti e viso rettangolare.",100,0,0,80,80,90,25,75,190,50,30,50,0,2,0,0,0,0,0,20,60,0,0,60,0,0,0,0,0,0,0,0,0,0,0,60,50,50.0,50.0,60.0,60.0,60.0,50
"Crea una donna adulta, di corporatura snella, etnia asiatica, con un viso rotondo",0,100,0,0,0,40,40,60,165,50,60,50,0,0,0,0,0,0,0,30,60,30,50,0,0,0,0,0,0,0,0,0,0,0,0,50,50,40.0,50.0,50.0,60.0,50.0,50
"Crea un uomo giovane, muscoloso, di altezza media, etnia africana, con spalle larghe e viso ovale.",100,0,100,80,80,80,28,85,175,50,0,50,0,2,0,0,0,0,0,40,60,50,0,0,0,0,0,0,0,0,0,0,0,0,0,40,40,50.0,60.0,60.0,50.0,60.0,50
"Crea una ragazza alta, snella, di etnia caucasica, con lineamenti delicati",0,0,100,0,0,40,22,55,180,50,70,50,0,0,0,0,0,0,0,30,50,30,0,0,0,0,0,0,0,0,0,0,0,0,0,60,40,40.0,50.0,60.0,40.0,50.0,50
"Crea un uomo adulto, alto, muscoloso, etnia asiatica, con un viso triangolare e lineamenti forti.",0,0,100,80,80,90,38,95,185,50,80,50,0,2,0,0,0,0,0,40,50,50,0,0,0,50,0,0,0,0,0,0,0,0,0,60,40,50.0,50.0,60.0,50.0,60.0,50
"Crea una donna giovane, di corporatura normale, etnia africana, con un viso rotondo",100,0,0,50,40,55,24,65,165,50,50,50,0,0,0,0,0,0,0,20,30,40,50,0,0,0,0,0,0,0,0,0,0,0,0,60,50,40.0,60.0,50.0,40.0,60.0,50
"Crea un uomo anziano, basso, snello e di etnia caucasica",0,0,100,0,0,40,70,50,170,50,60,50,0,2,0,0,0,0,0,50,50,30,0,0,0,0,0,0,0,0,0,0,0,0,0,50,50,50.0,50.0,40.0,60.0,50.0,50
"Crea una donna alta, snella, di etnia asiatica, con un viso triangolare",0,100,0,0,0,45,26,60,180,50,70,50,0,0,0,0,0,0,0,20,30,40,0,0,0,50,0,0,0,0,0,0,0,0,0,50,50,50.0,40.0,60.0,60.0,50.0,50
"Crea un ragazzo giovane, di corporatura media, etnia africana, con viso quadrato e caratteristiche muscolose.",100,0,100,50,40,70,30,80,180,50,50,50,0,2,0,0,0,0,0,60,50,0,0,0,50,0,0,0,0,0,0,0,0,0,0,50,60,50.0,60.0,50.0,40.0,50.0,50
"Crea una donna adulta, con altezza media, etnia caucasica, viso quadrato e corporatura snella.",0,0,100,0,0,40,35,70,160,50,70,50,0,0,0,0,0,0,0,40,50,0,0,0,50,0,0,0,0,0,0,0,0,0,0,50,50,40.0,50.0,50.0,60.0,50.0,50
"Crea un uomo giovane, di corporatura robusta, di etnia asiatica, con viso quadrato",0,100,0,60,60,60,26,85,180,50,80,50,0,2,0,0,0,0,0,40,60,0,0,0,50,0,0,0,0,0,0,0,0,0,0,60,50,50.0,50.0,60.0,50.0,60.0,50
"Crea una figura neutra giovane, di altezza media, corporatura snella, etnia asiatica, con un viso ovale.",0,100,0,0,0,40,20,50,170,50,50,50,0,1,0,0,0,0,0,40,50,50,0,0,0,0,0,0,0,0,0,0,0,0,0,40,40,40.0,40.0,50.0,40.0,40.0,50
"Crea una figura neutra adulta, alta, di corporatura media, etnia africana, con un viso triangolare.",100,0,0,50,40,65,35,70,180,50,40,50,0,1,0,0,0,0,0,40,60,0,0,50,0,0,0,0,0,0,0,0,0,0,0,50,50,50.0,40.0,60.0,50.0,50.0,50
"Crea una figura neutra matura, bassa, di corporatura robusta, etnia caucasica, con un viso quadrato.",0,0,100,60,60,60,50,85,160,50,30,50,0,1,0,0,0,0,0,50,50,30,0,0,0,0,0,0,0,0,0,0,0,0,0,50,40,40.0,50.0,50.0,30.0,50.0,50
"Crea una figura neutra giovane, di altezza media, muscolosa, etnia africana, con un viso rettangolare.",100,0,0,80,80,70,25,75,175,50,40,50,0,1,0,0,0,0,0,50,60,0,0,50,0,0,0,0,0,0,0,0,0,0,0,60,50,50.0,60.0,60.0,60.0,50.0,50
"Crea una figura neutra giovane, di altezza media, proporzioni delicate, etnia asiatica, con un viso ovale.",0,100,0,0,0,50,20,60,165,50,50,50,0,1,0,0,0,0,0,40,50,50,0,30,0,0,0,0,0,0,0,0,0,0,0,40,40,40.0,40.0,50.0,40.0,40.0,50
"Crea un uomo adulto, alto, di corporatura robusta, etnia africana, con spalle larghe e volto rettangolare.",100,0,0,60,60,60,40,95,185,50,30,50,0,2,0,0,0,0,0,30,70,0,0,60,0,0,0,0,0,0,0,0,0,0,0,60,50,60.0,50.0,70.0,60.0,60.0,50
"Crea una donna giovane, bassa, atletica, di etnia asiatica, con viso ovale e proporzioni armoniose.",0,100,0,0,0,45,22,50,160,50,50,50,0,0,0,0,0,0,0,40,40,50,0,0,0,0,0,0,0,0,0,0,0,0,0,50,50,40.0,50.0,50.0,50.0,50.0,50
"Crea una ragazza giovane, snella, di altezza media, etnia caucasica, con lineamenti delicati.",0,0,100,0,0,40,21,50,165,50,60,50,0,0,0,0,0,0,0,30,40,30,0,0,0,0,0,0,0,0,0,0,0,0,0,50,50,40.0,40.0,40.0,40.0,40.0,50
"Crea un uomo maturo, di altezza media, con corporatura normale, etnia asiatica, e viso rettangolare.",0,100,0,0,0,50,45,75,175,50,40,50,0,2,0,0,0,0,0,50,50,0,0,0,50,0,0,0,0,0,0,0,0,0,0,50,50,50.0,50.0,50.0,50.0,50.0,50
"Crea una donna anziana, di altezza media, con corporatura robusta, etnia africana, e un viso rotondo.",100,0,0,60,60,60,65,70,165,50,40,50,0,0,0,0,0,0,0,30,30,40,50,0,0,0,0,0,0,0,0,0,0,0,0,50,50,50.0,50.0,50.0,40.0,50.0,50
"Crea un ragazzo giovane, alto, atletico, di etnia caucasica, con spalle larghe e volto ovale.",0,0,100,50,50,70,23,65,180,50,50,50,0,2,0,0,0,0,0,40,60,0,0,50,0,0,0,0,0,0,0,0,0,0,0,50,50,50.0,60.0,60.0,50.0,50.0,50
"Crea una figura neutra matura, alta, di corporatura robusta, etnia africana, con un viso rettangolare.",100,0,0,60,60,60,50,85,185,50,40,50,0,1,0,0,0,0,0,40,60,0,0,50,0,0,0,0,0,0,0,0,0,0,0,60,60,50.0,50.0,60.0,50.0,50.0,50
"Crea una figura neutra giovane, bassa, snella, di etnia asiatica, con un viso ovale e caratteristiche delicate.",0,100,0,0,0,40,19,45,160,50,30,50,0,1,0,0,0,0,0,30,40,30,0,0,0,0,0,0,0,0,0,0,0,0,0,40,40,40.0,40.0,40.0,40.0,40.0,50
"Crea una donna adulta, alta, muscolosa, di etnia asiatica, con spalle larghe e viso triangolare.",0,100,0,70,70,70,30,75,180,50,60,50,0,0,0,0,0,0,0,50,40,40,0,0,0,50,0,0,0,0,0,0,0,0,0,50,50,50.0,50.0,60.0,50.0,50.0,50
"Crea un uomo anziano, basso, con corporatura snella, etnia caucasica, e viso allungato.",0,0,100,0,0,40,68,60,160,50,30,50,0,2,0,0,0,0,0,40,40,30,0,0,0,0,0,0,0,0,0,0,0,0,0,40,50,40.0,40.0,40.0,30.0,40.0,50
"Genera un uomo giovane con pelle bianca, corpo atletico, mani grandi e collo muscoloso, età 25, peso 75kg, altezza 180cm.",0,0,100,65,65,60,25,75,180,50,0,50,0,2,0,0,0,0,0,40,50,0,0,0,0,30,0,0,0,0,0,0,0,0,0,60,40,50.0,65.0,50.0,70.0,50.0,50
"Genera una donna giovane con pelle bianca, viso ovale, busto tonico, età 22, peso 60kg, altezza 170cm.",0,0,100,40,50,65,22,60,170,50,50,50,0,0,0,0,0,0,0,50,50,50,0,0,0,0,0,0,0,0,0,0,0,0,0,50,30,40.0,40.0,40.0,50.0,50.0,50
"Genera una persona di genere neutro con pelle bianca, viso quadrato, età 30, peso 85kg, altezza 185cm.",0,0,100,0,0,50,30,85,185,50,0,50,0,1,0,0,0,0,0,40,50,0,0,50,0,0,0,0,0,0,0,0,0,0,0,50,40,50.0,40.0,50.0,50.0,50.0,50
"Genera un uomo adulto con pelle bianca, viso triangolare, corpo muscoloso età 35, peso 90kg, altezza 190cm.",0,0,100,80,80,95,35,90,190,50,0,50,0,2,0,0,0,0,0,40,50,0,0,0,0,0,50,0,0,0,0,0,0,0,0,60,40,50.0,45.0,50.0,50.0,50.0,50
"Genera una donna adulta con pelle bianca, viso a forma di diamante, busto scolpito, età 28, peso 68kg, altezza 172cm.",0,0,100,70,70,70,28,68,172,50,50,50,0,0,0,0,0,0,0,50,50,0,0,0,0,0,0,50,0,0,0,0,0,0,0,50,30,40.0,40.0,40.0,50.0,50.0,50
"Genera una persona di genere neutro con pelle bianca, viso rettangolare, spalle larghe e vita snella, età 29, peso 78kg, altezza 180cm.",0,0,100,50,50,60,29,78,180,50,0,50,0,1,0,0,0,0,0,40,50,0,0,0,0,0,0,0,0,0,0,0,0,0,0,50,40,50.0,40.0,50.0,50.0,50.0,50
"Genera un uomo giovane con pelle bianca, viso rotondo, corpo scolpito e collo muscoloso, età 23, peso 72kg, altezza 175cm.",0,0,100,80,80,80,23,72,175,50,0,50,0,2,0,0,0,0,0,40,50,0,50,0,0,0,0,0,0,0,0,0,0,0,0,60,40,50.0,45.0,50.0,70.0,50.0,50
"Genera una donna adulta con pelle bianca, viso triangolare, busto snodato e vita sottile, età 33, peso 63kg, altezza 168cm.",0,0,100,0,0,40,33,63,168,50,50,50,0,0,0,0,0,0,0,40,50,0,0,0,0,0,50,0,0,0,0,0,0,0,0,50,30,40.0,40.0,40.0,50.0,50.0,50
"Genera una persona di genere neutro con pelle bianca, viso ovale, mani piccole, età 26, peso 68kg, altezza 178cm.",0,0,100,0,0,50,26,68,178,50,0,50,0,1,0,0,0,0,0,50,50,50,0,0,0,0,0,0,0,0,0,0,0,0,0,50,30,40.0,30.0,40.0,50.0,50.0,50
"Genera un uomo adulto con pelle bianca, viso quadrato, corpo scolpito e mani larghe, età 40, peso 95kg, altezza 188cm.",0,0,100,80,80,80,40,95,188,50,0,50,0,2,0,0,0,0,0,40,50,0,0,50,0,0,0,0,0,0,0,0,0,0,0,60,40,50.0,45.0,50.0,50.0,50.0,50
"Crea un uomo adulto con pelle bianca, corpo atletico e spalle larghe, età 30, peso 85kg, altezza 185cm.",0,0,100,65,60,60,30,85,185,50,0,50,0,2,0,0,0,0,0,40,50,0,0,0,0,0,0,0,0,0,0,0,0,0,0,60,40,50.0,45.0,50.0,50.0,50.0,50
"Genera una donna giovane con pelle bianca, busto tonico, età 24, peso 62kg, altezza 170cm.",0,0,100,40,50,60,24,62,170,50,50,50,0,0,0,0,0,0,0,40,50,0,0,0,0,0,0,0,0,0,0,0,0,0,0,50,30,40.0,40.0,40.0,50.0,50.0,50
"Crea una persona di genere neutro con pelle bianca, muscoloso, mani grandi, età 28, peso 78kg, altezza 180cm.",0,0,100,80,80,80,28,78,180,50,0,50,0,1,0,0,0,0,0,40,50,0,0,0,0,0,0,0,0,0,0,0,0,0,0,50,40,50.0,65.0,50.0,50.0,50.0,50
"Genera un uomo giovane con pelle bianca, corpo muscoloso, età 27, peso 82kg, altezza 182cm.",0,0,100,80,80,80,27,82,182,50,0,50,0,2,0,0,0,0,0,40,50,0,0,0,0,0,0,0,0,0,0,0,0,0,0,60,40,50.0,45.0,50.0,50.0,50.0,50
"Crea una donna adulta con pelle bianca, busto scolpito, età 32, peso 65kg, altezza 172cm.",0,0,100,70,70,75,32,65,172,50,50,50,0,0,0,0,0,0,0,40,50,0,0,0,0,0,0,0,0,0,0,0,0,0,0,50,30,40.0,40.0,40.0,50.0,50.0,50
"Genera una persona di genere neutro con pelle bianca, busto tonico, età 29, peso 76kg, altezza 178cm.",0,0,100,60,60,60,29,76,178,50,0,50,0,1,0,0,0,0,0,40,50,0,0,0,0,0,0,0,0,0,0,0,0,0,0,50,40,50.0,40.0,50.0,50.0,50.0,50
"Crea un uomo adulto con pelle bianca, busto ampio, età 40, peso 95kg, altezza 190cm.",0,0,100,50,60,65,40,95,190,50,0,50,0,2,0,0,0,0,0,40,50,0,0,0,0,0,0,0,0,0,0,0,0,0,0,60,40,50.0,45.0,50.0,50.0,50.0,50
"Genera una donna giovane con pelle bianca, età 23, peso 58kg, altezza 168cm.",0,0,100,0,0,50,23,58,168,50,50,50,0,0,0,0,0,0,0,40,50,0,0,0,0,0,0,0,0,0,0,0,0,0,0,50,30,40.0,40.0,40.0,50.0,50.0,50
"Crea una persona di genere neutro con pelle bianca, vita snella e mani proporzionate, età 26, peso 70kg, altezza 175cm.",0,0,100,0,0,30,26,70,175,50,0,50,0,1,0,0,0,0,0,40,50,0,0,0,0,0,0,0,0,0,0,0,0,0,0,50,40,50.0,40.0,50.0,50.0,50.0,50
"Genera un uomo giovane con pelle bianca, età 28, peso 80kg, altezza 180cm.",0,0,100,0,0,50,28,80,180,50,0,50,0,2,0,0,0,0,0,40,50,0,0,0,0,0,0,0,0,0,0,0,0,0,0,60,40,50.0,45.0,50.0,50.0,50.0,50
"Crea una donna adulta con pelle bianca, busto proporzionato, età 35, peso 66kg, altezza 170cm.",0,0,100,0,0,50,35,66,170,50,50,50,0,0,0,0,0,0,0,40,50,0,0,0,0,0,0,0,0,0,0,0,0,0,0,50,30,40.0,40.0,40.0,50.0,50.0,50
"Genera una persona di genere neutro con pelle bianca, corpo atletico e spalle ben definite, età 31, peso 77kg, altezza 178cm.",0,0,100,65,65,70,31,77,178,50,0,50,0,1,0,0,0,0,0,40,50,0,0,0,0,0,0,0,0,0,0,0,0,0,0,50,40,50.0,40.0,50.0,50.0,50.0,50
"Crea un uomo adulto con etnia caucasica, spalle larghe e corpo muscoloso, età 34, peso 90kg, altezza 188cm.",0,0,100,80,80,90,34,90,188,50,0,50,0,2,0,0,0,0,0,40,50,0,0,0,0,0,0,0,0,0,0,0,0,0,0,60,40,50.0,45.0,50.0,50.0,50.0,50
"Genera una donna giovane con pelle bianca, busto proporzionato, età 25, peso 60kg, altezza 170cm.",0,0,100,0,0,50,25,60,170,50,50,50,0,0,0,0,0,0,0,40,50,0,0,0,0,0,0,0,0,0,0,0,0,0,0,50,30,40.0,40.0,40.0,50.0,50.0,50
"Crea una persona di genere neutro con etnia caucasica, busto scolpito e mani proporzionate, età 29, peso 75kg, altezza 178cm.",0,0,100,80,80,80,29,75,178,50,0,50,0,1,0,0,0,0,0,40,50,0,0,0,0,0,0,0,0,0,0,0,0,0,0,50,40,50.0,40.0,50.0,50.0,50.0,50
"Genera un uomo giovane con pelle chiara, corpo atletico, età 27, peso 85kg, altezza 185cm.",0,0,100,60,60,60,27,85,185,50,0,50,0,2,0,0,0,0,0,40,50,0,0,0,0,0,0,0,0,0,0,0,0,0,0,60,40,50.0,45.0,50.0,50.0,50.0,50
"Crea una donna adulta con etnia caucasica, busto tonico e vita snella, età 33, peso 64kg, altezza 172cm.",0,0,100,40,50,65,33,64,172,50,50,50,0,0,0,0,0,0,0,40,50,0,0,0,0,0,0,0,0,0,0,0,0,0,0,50,30,40.0,40.0,40.0,50.0,50.0,50
"Genera una persona di genere neutro con pelle bianca, età 30, peso 80kg, altezza 180cm.",0,0,100,50,50,85,30,80,180,50,0,50,0,1,0,0,0,0,0,40,50,0,0,0,0,0,0,0,0,0,0,0,0,0,0,50,40,50.0,40.0,50.0,50.0,50.0,50
"Genera una donna giovane con etnia caucasica,busto proporzionato, età 24, peso 58kg, altezza 168cm.",0,0,100,0,0,50,24,58,168,50,50,50,0,0,0,0,0,0,0,40,50,0,0,0,0,0,0,0,0,0,0,0,0,0,0,50,30,40.0,40.0,40.0,50.0,50.0,50
"Crea una persona di genere neutro con pelle chiara, busto scolpito, età 32, peso 78kg, altezza 178cm.",0,0,100,80,80,80,32,78,178,50,0,50,0,1,0,0,0,0,0,40,50,0,0,0,0,0,0,0,0,0,0,0,0,0,0,50,40,50.0,40.0,50.0,50.0,50.0,50
"Genera un uomo giovane con etnia caucasica, busto tonico e mani grandi, età 26, peso 80kg, altezza 180cm.",0,0,100,50,60,65,26,80,180,50,0,50,0,2,0,0,0,0,0,40,50,0,0,0,0,0,0,0,0,0,0,0,0,0,0,60,40,50.0,65.0,50.0,50.0,50.0,50
"Crea una donna adulta con pelle chiara, busto scolpito e vita proporzionata, età 36, peso 67kg, altezza 170cm.",0,0,100,70,70,80,36,67,170,50,50,50,0,0,0,0,0,0,0,40,50,0,0,0,0,0,0,0,0,0,0,0,0,0,0,50,30,40.0,40.0,40.0,50.0,50.0,50
"Genera una persona di genere neutro con etnia caucasica età 28, peso 76kg, altezza 177cm.",0,0,100,0,0,50,28,76,177,50,0,50,0,1,0,0,0,0,0,40,50,0,0,0,0,0,0,0,0,0,0,0,0,0,0,50,40,50.0,40.0,50.0,50.0,50.0,50
"Genera una donna giovane con pelle scura, busto snello e vita proporzionata, età 25, peso 60kg, altezza 162cm.",100,0,0,0,0,40,25,60,162,50,50,50,0,0,0,0,0,0,0,40,50,0,0,0,0,0,0,0,0,0,0,0,0,0,0,50,30,40.0,40.0,40.0,50.0,50.0,50
"Crea una persona di genere neutro con pelle chiara, corpo tonico e spalle definite, età 32, peso 75kg, altezza 170cm.",0,0,100,50,50,60,32,75,170,50,0,50,0,1,0,0,0,0,0,40,50,0,0,0,0,0,0,0,0,0,0,0,0,0,0,50,40,50.0,40.0,50.0,50.0,50.0,50
"Genera un uomo giovane con pelle chiara, mani grandi, età 28, peso 80kg, altezza 178cm.",0,0,100,0,0,50,28,80,178,50,0,50,0,2,0,0,0,0,0,40,50,0,0,0,0,0,0,0,0,0,0,0,0,0,0,60,40,50.0,65.0,50.0,50.0,50.0,50
"Crea una donna adulta con etnia asiatica, e busto tonico, età 36, peso 64kg, altezza 168cm.",0,100,0,40,50,60,36,64,168,50,50,50,0,0,0,0,0,0,0,40,50,0,0,0,0,0,0,0,0,0,0,0,0,0,0,50,30,40.0,40.0,40.0,50.0,50.0,50
"Genera una persona di genere neutro con pelle olivastra, busto scolpito e mani lunghe, età 34, peso 73kg, altezza 175cm.",40,40,20,80,80,80,34,73,175,50,0,50,0,1,0,0,0,0,0,40,50,0,0,0,0,0,0,0,0,0,0,0,0,0,0,50,40,65.0,50.0,50.0,50.0,50.0,50
"Crea un uomo adulto con pelle scura, spalle larghe e gambe robuste, età 42, peso 92kg, altezza 185cm.",100,0,0,50,60,65,42,92,185,50,0,50,0,2,0,0,0,0,0,40,50,0,0,0,0,0,0,0,0,0,0,0,0,0,0,60,40,50.0,45.0,50.0,50.0,50.0,50
"Genera una donna giovane con pelle chiara, busto proporzionato, età 27, peso 59kg, altezza 164cm.",0,0,100,0,0,50,27,59,164,50,50,50,0,0,0,0,0,0,0,40,50,0,0,0,0,0,0,0,0,0,0,0,0,0,0,50,30,40.0,40.0,40.0,50.0,50.0,50
"Crea una persona di genere neutro con etnia africana, corpo atletico, età 29, peso 76kg, altezza 173cm.",100,0,0,60,60,60,29,76,173,50,0,50,0,1,0,0,0,0,0,40,50,0,0,0,0,0,0,0,0,0,0,0,0,0,0,50,40,50.0,40.0,50.0,50.0,50.0,50
"Genera un uomo giovane con pelle chiara, corpo snello e spalle larghe, età 26, peso 72kg, altezza 180cm.",0,0,100,0,0,40,26,72,180,50,0,50,0,2,0,0,0,0,0,40,50,0,0,0,0,0,0,0,0,0,0,0,0,0,0,60,40,50.0,45.0,50.0,50.0,50.0,50
"Crea una persona di genere neutro con pelle olivastra, vita snella, età 30, peso 74kg, altezza 176cm.",30,30,40,0,0,40,30,74,176,50,0,50,0,1,0,0,0,0,0,40,50,0,0,0,0,0,0,0,0,0,0,0,0,0,0,50,40,50.0,40.0,50.0,50.0,50.0,50
"Genera una donna adulta con pelle chiara, busto snello e mani affusolate, età 34, peso 62kg, altezza 168cm.",0,0,100,30,30,55,34,62,168,50,50,50,0,0,0,0,0,0,0,40,50,0,0,0,0,0,0,0,0,0,0,0,0,0,0,50,30,40.0,40.0,40.0,50.0,50.0,50
"Genera un uomo adulto con pelle scura, busto ampio, età 38, peso 88kg, altezza 182cm.",100,0,0,50,60,80,38,88,182,50,0,50,0,2,0,0,0,0,0,40,50,0,0,0,0,0,0,0,0,0,0,0,0,0,0,60,40,50.0,45.0,50.0,50.0,50.0,50
"Crea una persona di genere neutro con pelle chiara, busto scolpito, età 28, peso 78kg, altezza 175cm.",0,0,100,80,80,80,28,78,175,50,0,50,0,1,0,0,0,0,0,40,50,0,0,0,0,0,0,0,0,0,0,0,0,0,0,50,40,50.0,40.0,50.0,50.0,50.0,50
"Genera una donna giovane con pelle scura, busto proporzionato e vita tonica, età 26, peso 61kg, altezza 165cm.",100,0,0,0,0,45,26,61,165,50,50,50,0,0,0,0,0,0,0,40,50,0,0,0,0,0,0,0,0,0,0,0,0,0,0,50,30,40.0,40.0,40.0,50.0,50.0,50
"Genera un uomo giovane con pelle chiara,mani grandi, età 29, peso 82kg, altezza 185cm.",0,0,100,50,60,75,29,82,185,50,0,50,0,2,0,0,0,0,0,40,50,0,0,0,0,0,0,0,0,0,0,0,0,0,0,60,40,50.0,45.0,50.0,50.0,50.0,50
"Crea una persona di genere neutro con pelle olivastra, corpo atletico e spalle ampie, età 31, peso 79kg, altezza 178cm.",40,40,20,50,50,70,31,79,178,50,0,50,0,1,0,0,0,0,0,40,50,0,0,0,0,0,0,0,0,0,0,0,0,0,0,50,40,50.0,40.0,50.0,50.0,50.0,50
"Genera una donna adulta con pelle chiara, busto scolpito e mani delicate, età 37, peso 66kg, altezza 170cm.",0,0,100,70,70,80,37,66,170,50,50,50,0,0,0,0,0,0,0,40,50,0,0,0,0,0,0,0,0,0,0,0,0,0,0,50,30,40.0,40.0,40.0,50.0,50.0,50
"Genera un uomo adulto con pelle olivastra, busto ampio, età 40, peso 90kg, altezza 188cm.",40,30,30,50,60,85,40,90,188,50,0,50,0,2,0,0,0,0,0,40,50,0,0,0,0,0,0,0,0,0,0,0,0,0,0,60,40,50.0,45.0,50.0,50.0,50.0,50
"Crea una persona di genere neutro con pelle scura, busto scolpito e vita proporzionata, età 33, peso 76kg, altezza 174cm.",100,0,0,80,80,80,33,76,174,50,0,50,0,1,0,0,0,0,0,40,50,0,0,0,0,0,0,0,0,0,0,0,0,0,0,50,40,50.0,40.0,50.0,50.0,50.0,50
"Crea una persona di genere neutro con etnia africana, muscolatura tonica, età 30, peso 78kg, altezza 175cm.",100,0,0,70,70,70,30,78,175,50,0,50,0,1,0,0,0,0,0,40,50,0,0,0,0,0,0,0,0,0,0,0,0,0,0,50,40,50.0,40.0,50.0,50.0,50.0,50
"Crea un uomo adulto con etnia asiatica, muscolatura scolpita, età 38, peso 85kg, altezza 180cm.",0,100,0,80,80,80,38,85,180,50,0,50,0,2,0,0,0,0,0,40,50,0,0,0,0,0,0,0,0,0,0,0,0,0,0,60,40,50.0,45.0,50.0,50.0,50.0,50
"Crea una donna giovane con etnia caucasica, muscolatura proporzionata, età 24, peso 60kg, altezza 165cm.",0,0,100,60,60,60,24,60,165,50,50,50,0,0,0,0,0,0,0,40,50,0,0,0,0,0,0,0,0,0,0,0,0,0,0,50,30,40.0,40.0,40.0,50.0,50.0,50
"Crea una persona di genere neutro con etnia europea, muscolatura atletica, età 32, peso 77kg, altezza 178cm.",0,0,100,60,60,75,32,77,178,50,0,50,0,1,0,0,0,0,0,40,50,0,0,0,0,0,0,0,0,0,0,0,0,0,0,50,40,50.0,40.0,50.0,50.0,50.0,50
"Crea un uomo giovane con etnia africana, muscolatura possente, età 27, peso 90kg, altezza 185cm.",100,0,0,90,90,90,27,90,185,50,0,50,0,2,0,0,0,0,0,40,50,0,0,0,0,0,0,0,0,0,0,0,0,0,0,60,40,50.0,45.0,50.0,50.0,50.0,50
"Crea una donna adulta con etnia asiatica, muscolatura snella, età 35, peso 62kg, altezza 170cm.",0,100,0,0,0,40,35,62,170,50,50,50,0,0,0,0,0,0,0,40,50,0,0,0,0,0,0,0,0,0,0,0,0,0,0,50,30,40.0,40.0,40.0,50.0,50.0,50
"Crea una persona di genere neutro con etnia caucasica, muscolatura definita, età 29, peso 74kg, altezza 175cm.",0,0,100,70,70,65,29,74,175,50,0,50,0,1,0,0,0,0,0,40,50,0,0,0,0,0,0,0,0,0,0,0,0,0,0,50,40,50.0,40.0,50.0,50.0,50.0,50
"Crea un uomo adulto con etnia europea, muscolatura imponente, età 40, peso 95kg, altezza 190cm.",0,0,100,90,90,95,40,95,190,50,0,50,0,2,0,0,0,0,0,40,50,0,0,0,0,0,0,0,0,0,0,0,0,0,0,60,40,50.0,45.0,50.0,50.0,50.0,50
"Crea una donna giovane con etnia africana, muscolatura scolpita, età 28, peso 68kg, altezza 172cm.",100,0,0,80,80,80,28,68,172,50,50,50,0,0,0,0,0,0,0,40,50,0,0,0,0,0,0,0,0,0,0,0,0,0,0,50,30,40.0,40.0,40.0,50.0,50.0,50
"Crea una persona di genere neutro con etnia asiatica, muscolatura snella e tonica, età 31, peso 71kg, altezza 176cm.",0,100,0,0,0,40,31,71,176,50,0,50,0,1,0,0,0,0,0,40,50,0,0,0,0,0,0,0,0,0,0,0,0,0,0,50,40,50.0,40.0,50.0,50.0,50.0,50
"Crea una donna snella di pelle chiara, età 25, peso 55kg, altezza 165cm.",0,0,100,0,0,40,25,55,165,50,50,50,0,0,0,0,0,0,0,40,50,0,0,0,0,0,0,0,0,0,0,0,0,0,0,50,30,40.0,40.0,40.0,50.0,50.0,50
"Crea un uomo robusto di pelle scura, età 35, peso 100kg, altezza 185cm.",100,0,0,0,0,30,35,100,185,50,0,50,0,2,0,0,0,0,0,40,50,0,0,0,0,0,0,0,0,0,0,0,0,0,0,60,40,50.0,45.0,50.0,50.0,50.0,50
"Crea una persona di genere neutro snella di pelle media, età 30, peso 70kg, altezza 175cm.",50,50,50,0,0,40,30,70,175,50,0,50,0,1,0,0,0,0,0,40,50,0,0,0,0,0,0,0,0,0,0,0,0,0,0,50,40,50.0,40.0,50.0,50.0,50.0,50
"Crea un uomo snello di pelle chiara, età 22, peso 65kg, altezza 178cm.",0,0,100,30,30,65,22,65,178,50,0,50,0,2,0,0,0,0,0,40,50,0,0,0,0,0,0,0,0,0,0,0,0,0,0,50,40,50.0,40.0,50.0,50.0,50.0,50
"Crea una persona di genere neutro robusta di pelle scura, età 33, peso 95kg, altezza 180cm.",100,0,0,0,0,30,33,95,180,50,0,50,0,1,0,0,0,0,0,40,50,0,0,0,0,0,0,0,0,0,0,0,0,0,0,60,40,50.0,45.0,50.0,50.0,50.0,50
"Crea una donna snella di pelle abbronzata, età 28, peso 60kg, altezza 167cm.",70,0,40,0,0,40,28,60,167,50,50,50,0,0,0,0,0,0,0,40,50,0,0,0,0,0,0,0,0,0,0,0,0,0,0,50,30,40.0,40.0,40.0,50.0,50.0,50
"Crea un uomo robusto di pelle chiara, età 45, peso 110kg, altezza 190cm.",0,0,100,0,0,30,45,110,190,50,0,50,0,2,0,0,0,0,0,40,50,0,0,0,0,0,0,0,0,0,0,0,0,0,0,60,40,50.0,45.0,50.0,50.0,50.0,50
"Crea una donna robusta di pelle scura, età 36, peso 92kg, altezza 175cm.",100,0,0,0,0,30,36,92,175,50,50,50,0,0,0,0,0,0,0,40,50,0,0,0,0,0,0,0,0,0,0,0,0,0,0,50,30,40.0,40.0,40.0,50.0,50.0,50
"Crea un uomo giovane con pelle media, muscolatura scolpita, età 25, peso 75kg, altezza 178cm.",50,50,50,80,80,80,25,75,178,50,0,50,0,2,0,0,0,0,0,40,50,0,0,0,0,0,0,0,0,0,0,0,0,0,0,50,40,50.0,45.0,50.0,50.0,50.0,50
"Crea una persona di genere neutro con pelle chiara, corpo atletico e vita proporzionata, età 31, peso 74kg, altezza 177cm.",0,0,100,70,70,65,31,74,177,50,0,50,0,1,0,0,0,0,0,40,50,0,0,0,0,0,0,0,0,0,0,0,0,0,0,50,40,50.0,40.0,50.0,50.0,50.0,50
"Crea un uomo giovane con pelle media, muscolatura scolpita, età 25, peso 75kg, altezza 178cm.",50,50,70,80,80,80,25,75,178,50,0,50,0,2,0,0,0,0,0,40,50,0,0,0,0,0,0,0,0,0,0,0,0,0,0,50,40,50.0,45.0,50.0,50.0,50.0,50
"Crea una donna adulta con pelle chiara, corpo atletico, età 30, peso 68kg, altezza 170cm.",0,0,100,70,70,65,30,68,170,50,50,50,0,0,0,0,0,0,0,40,50,0,0,0,0,0,0,0,0,0,0,0,0,0,0,50,30,40.0,40.0,40.0,50.0,50.0,50
"Crea una persona di genere neutro con pelle scura, corpo snello e busto proporzionato, età 29, peso 70kg, altezza 175cm.",100,0,0,0,0,40,29,70,175,50,0,50,0,1,0,0,0,0,0,40,50,0,0,0,0,0,0,0,0,0,0,0,0,0,0,50,40,50.0,40.0,50.0,50.0,50.0,50
"Crea un uomo adulto con pelle chiara,busto muscoloso, età 35, peso 88kg, altezza 185cm.",0,0,100,80,80,80,35,88,185,50,0,50,0,2,0,0,0,0,0,40,50,0,0,0,0,0,0,0,0,0,0,0,0,0,0,60,40,50.0,45.0,50.0,50.0,50.0,50
"Crea una donna giovane con pelle media, vita snella, età 26, peso 60kg, altezza 165cm.",50,50,40,0,0,40,26,60,165,50,50,50,0,0,0,0,0,0,0,40,50,0,0,0,0,0,0,0,0,0,0,0,0,0,0,50,30,40.0,40.0,40.0,50.0,50.0,50
"Crea una persona di genere neutro con pelle chiara, corpo atletico e vita proporzionata, età 31, peso 74kg, altezza 177cm.",0,0,100,50,50,65,31,74,177,50,0,50,0,1,0,0,0,0,0,40,50,0,0,0,0,0,0,0,0,0,0,0,0,0,0,50,40,50.0,40.0,50.0,50.0,50.0,50
"Crea un uomo adulto con pelle media, corporatura muscolosa, età 40, peso 85kg, altezza 180cm.",50,50,75,80,80,80,40,85,180,50,0,50,0,2,0,0,0,0,0,40,50,0,0,0,0,0,0,0,0,0,0,0,0,0,0,55,40,50.0,45.0,50.0,50.0,50.0,50
"Crea una donna adulta con pelle scura, vita proporzionata, età 34, peso 65kg, altezza 168cm.",100,0,0,0,0,50,34,65,168,50,50,50,0,0,0,0,0,0,0,40,50,0,0,0,0,0,0,0,0,0,0,0,0,0,0,50,30,40.0,40.0,40.0,50.0,50.0,50
"Crea una persona giovane con pelle media, corpo snello e busto proporzionato, età 22, peso 68kg, altezza 170cm.",50,50,40,0,0,40,22,68,170,50,0,50,0,1,0,0,0,0,0,40,50,0,0,0,0,0,0,0,0,0,0,0,0,0,0,50,40,50.0,40.0,50.0,50.0,50.0,50
"Crea un uomo giovane con pelle scura, muscolatura scolpita, età 28, peso 80kg, altezza 182cm.",100,0,0,80,80,80,28,80,182,50,0,50,0,2,0,0,0,0,0,40,50,0,0,0,0,0,0,0,0,0,0,0,0,0,0,55,40,50.0,45.0,50.0,50.0,50.0,50
"Crea un uomo snello di pelle media, 24 anni, peso 68kg, altezza 175cm.",50,50,40,0,0,40,24,68,175,50,0,50,0,2,0,0,0,0,0,40,50,0,0,0,0,0,0,0,0,0,0,0,0,0,0,50,40,50.0,40.0,50.0,50.0,50.0,50
"Crea una donna robusta di pelle chiara, età 38, peso 90kg, altezza 172cm.",0,0,100,0,0,30,38,90,172,50,50,50,0,0,0,0,0,0,0,40,50,0,0,0,0,0,0,0,0,0,0,0,0,0,0,50,30,40.0,40.0,40.0,50.0,50.0,50
"Crea una persona di genere neutro snella con pelle chiara, 29 anni, peso 62kg, altezza 168cm.",0,0,100,0,0,40,29,62,168,50,0,50,0,1,0,0,0,0,0,40,50,0,0,0,0,0,0,0,0,0,0,0,0,0,0,50,40,50.0,40.0,50.0,50.0,50.0,50
"Crea una donna muscolosa di pelle media, 32 anni, peso 75kg, altezza 170cm.",50,50,70,70,70,70,32,75,170,50,50,50,0,0,0,0,0,0,0,40,50,0,0,0,0,0,0,0,0,0,0,0,0,0,0,50,30,40.0,40.0,40.0,50.0,50.0,50
"Crea una persona giovane di genere neutro con pelle chiara e muscolatura scolpita, età 27, peso 78kg, altezza 180cm.",0,0,100,80,80,80,27,78,180,50,0,50,0,1,0,0,0,0,0,40,50,0,0,0,0,0,0,0,0,0,0,0,0,0,0,50,40,50.0,40.0,50.0,50.0,50.0,50
"Crea un uomo muscoloso di pelle media, 30 anni, peso 85kg, altezza 182cm.",50,50,50,80,80,80,30,85,182,50,0,50,0,2,0,0,0,0,0,40,50,0,0,0,0,0,0,0,0,0,0,0,0,0,0,55,40,50.0,45.0,50.0,50.0,50.0,50
"Crea una donna snella di pelle chiara, età 23, peso 58kg, altezza 165cm.",0,0,100,0,0,40,23,58,165,50,50,50,0,0,0,0,0,0,0,40,50,0,0,0,0,0,0,0,0,0,0,0,0,0,0,50,30,40.0,40.0,40.0,50.0,50.0,50
"Crea una persona adulta di genere neutro robusta di pelle scura, 37 anni, peso 100kg, altezza 185cm.",100,0,0,0,0,30,37,100,185,50,0,50,0,1,0,0,0,0,0,40,50,0,0,0,0,0,0,0,0,0,0,0,0,0,0,60,40,50.0,45.0,50.0,50.0,50.0,50
"Crea un uomo snello di pelle chiara, 28 anni, peso 67kg, altezza 177cm.",0,0,100,0,0,40,28,67,177,50,0,50,0,2,0,0,0,0,0,40,50,0,0,0,0,0,0,0,0,0,0,0,0,0,0,50,40,50.0,40.0,50.0,50.0,50.0,50
"Crea una donna atletica di pelle media, età 35, peso 68kg, altezza 172cm.",50,50,70,60,60,65,35,68,172,50,50,50,0,0,0,0,0,0,0,40,50,0,0,0,0,0,0,0,0,0,0,0,0,0,0,50,30,40.0,40.0,40.0,50.0,50.0,50
"Crea una persona giovane di genere neutro muscolosa di pelle scura, 26 anni, peso 80kg, altezza 178cm.",100,0,0,80,80,80,26,80,178,50,0,50,0,1,0,0,0,0,0,40,50,0,0,0,0,0,0,0,0,0,0,0,0,0,0,55,40,50.0,45.0,50.0,50.0,50.0,50
"Crea un uomo robusto di pelle media, 41 anni, peso 92kg, altezza 185cm.",50,50,50,0,0,30,41,92,185,50,0,50,0,2,0,0,0,0,0,40,50,0,0,0,0,0,0,0,0,0,0,0,0,0,0,60,40,50.0,45.0,50.0,50.0,50.0,50
"Crea una donna muscolosa di pelle chiara, 29 anni, peso 72kg, altezza 168cm.",0,0,100,70,70,70,29,72,168,50,50,50,0,0,0,0,0,0,0,40,50,0,0,0,0,0,0,0,0,0,0,0,0,0,0,50,30,40.0,40.0,40.0,50.0,50.0,50
"Crea una persona adulta di genere neutro snella di pelle scura, età 36, peso 66kg, altezza 172cm.",100,0,0,0,0,40,36,66,172,50,0,50,0,1,0,0,0,0,0,40,50,0,0,0,0,0,0,0,0,0,0,0,0,0,0,50,40,50.0,40.0,50.0,50.0,50.0,50
"Crea un uomo muscoloso di pelle chiara, 34 anni, peso 86kg, altezza 183cm.",0,0,100,80,80,80,34,86,183,50,0,50,0,2,0,0,0,0,0,40,50,0,0,0,0,0,0,0,0,0,0,0,0,0,0,55,40,50.0,45.0,50.0,50.0,50.0,50
"Crea una donna giovane con pelle media, vita proporzionata, anni 27, peso 62kg, altezza 166cm.",50,50,50,0,0,40,27,62,166,50,50,50,0,0,0,0,0,0,0,40,50,0,0,0,0,0,0,0,0,0,0,0,0,0,0,50,30,40.0,40.0,40.0,50.0,50.0,50
"Genera una persona di genere neutro con pelle scura, corpo atletico, anni 32, peso 78kg, altezza 178cm.",100,0,0,60,60,60,32,78,178,50,0,50,0,1,0,0,0,0,0,40,50,0,0,0,0,0,0,0,0,0,0,0,0,0,0,50,40,50.0,40.0,50.0,50.0,50.0,50
"Crea un uomo adulto con pelle media, corporatura muscolosa, anni 38, peso 90kg, altezza 183cm.",50,50,50,80,80,80,38,90,183,50,0,50,0,2,0,0,0,0,0,40,50,0,0,0,0,0,0,0,0,0,0,0,0,0,0,55,40,50.0,45.0,50.0,50.0,50.0,50
"Genera una donna adulta con pelle chiara, corpo atletico e vita proporzionata, anni 33, peso 67kg, altezza 171cm.",0,0,100,60,60,65,33,67,171,50,50,50,0,0,0,0,0,0,0,40,50,0,0,0,0,0,0,0,0,0,0,0,0,0,0,50,30,40.0,40.0,40.0,50.0,50.0,50
"Crea una persona giovane con pelle media, corpo snello e busto proporzionato, anni 24, peso 66kg, altezza 169cm.",50,50,50,0,0,40,24,66,169,50,0,50,0,1,0,0,0,0,0,40,50,0,0,0,0,0,0,0,0,0,0,0,0,0,0,50,40,50.0,40.0,50.0,50.0,50.0,50
"Genera un uomo giovane con pelle scura, muscolatura scolpita, anni 29, peso 82kg, altezza 183cm.",100,0,0,90,90,90,29,82,183,50,0,50,0,2,0,0,0,0,0,40,50,0,0,0,0,0,0,0,0,0,0,0,0,0,0,55,40,50.0,45.0,50.0,50.0,50.0,50
"Crea una donna giovane con pelle abbronzata, vita snella, anni 25, peso 58kg, altezza 164cm.",70,0,30,0,0,40,25,58,164,50,50,50,0,0,0,0,0,0,0,40,50,0,0,0,0,0,0,0,0,0,0,0,0,0,0,50,30,40.0,40.0,40.0,50.0,50.0,50
"Genera una persona di genere neutro robusta di pelle chiara, anni 35, peso 90kg, altezza 177cm.",0,0,100,0,0,30,35,90,177,50,0,50,0,1,0,0,0,0,0,40,50,0,0,0,0,0,0,0,0,0,0,0,0,0,0,50,40,50.0,40.0,50.0,50.0,50.0,50
"Crea un uomo adulto con pelle scura, busto muscoloso, anni 42, peso 92kg, altezza 186cm.",100,0,0,80,80,80,42,92,186,50,0,50,0,2,0,0,0,0,0,40,50,0,0,0,0,0,0,0,0,0,0,0,0,0,0,60,40,50.0,45.0,50.0,50.0,50.0,50
"Genera una donna adulta con pelle media, corpo proporzionato, anni 37, peso 70kg, altezza 168cm.",50,50,50,0,0,50,37,70,168,50,50,50,0,0,0,0,0,0,0,40,50,0,0,0,0,0,0,0,0,0,0,0,0,0,0,50,30,40.0,40.0,40.0,50.0,50.0,50
"Crea una donna asiatica snella di 26 anni, peso 55kg, altezza 160cm.",0,100,0,0,0,40,26,55,160,50,50,50,0,0,0,0,0,0,0,40,50,0,0,0,0,0,0,0,0,0,0,0,0,0,0,50,30,40.0,40.0,40.0,50.0,50.0,50
"Genera una persona di genere neutro asiatica, corpo atletico, anni 30, peso 72kg, altezza 170cm.",0,100,0,60,60,70,30,72,170,50,0,50,0,1,0,0,0,0,0,40,50,0,0,0,0,0,0,0,0,0,0,0,0,0,0,50,40,50.0,40.0,50.0,50.0,50.0,50
"Crea un uomo asiatico adulto, muscolatura scolpita, anni 35, peso 85kg, altezza 175cm.",0,100,0,80,80,80,35,85,175,50,0,50,0,2,0,0,0,0,0,40,50,0,0,0,0,0,0,0,0,0,0,0,0,0,0,55,40,50.0,45.0,50.0,50.0,50.0,50
"Genera una donna asiatica adulta, vita proporzionata, anni 33, peso 64kg, altezza 168cm.",0,100,0,0,0,50,33,64,168,50,50,50,0,0,0,0,0,0,0,40,50,0,0,0,0,0,0,0,0,0,0,0,0,0,0,50,30,40.0,40.0,40.0,50.0,50.0,50
"Crea una persona asiatica giovane, corpo snello e busto proporzionato, anni 23, peso 60kg, altezza 165cm.",0,100,0,0,0,40,23,60,165,50,0,50,0,1,0,0,0,0,0,40,50,0,0,0,0,0,0,0,0,0,0,0,0,0,0,50,40,50.0,40.0,50.0,50.0,50.0,50
"Genera un uomo asiatico adulto, busto muscoloso, anni 41, peso 92kg, altezza 185cm.",0,100,0,80,80,80,41,92,185,50,0,50,0,2,0,0,0,0,0,40,50,0,0,0,0,0,0,0,0,0,0,0,0,0,0,60,40,50.0,45.0,50.0,50.0,50.0,50
"Crea una donna asiatica giovane, vita snella, anni 24, peso 56kg, altezza 162cm.",0,100,0,0,0,40,24,56,162,50,50,50,0,0,0,0,0,0,0,40,50,0,0,0,0,0,0,0,0,0,0,0,0,0,0,50,30,40.0,40.0,40.0,50.0,50.0,50
"Genera una persona asiatica robusta di genere neutro, anni 37, peso 88kg, altezza 175cm.",0,100,0,0,0,30,37,88,175,50,0,50,0,1,0,0,0,0,0,40,50,0,0,0,0,0,0,0,0,0,0,0,0,0,0,50,40,50.0,40.0,50.0,50.0,50.0,50
"Crea un uomo asiatico giovane, corpo atletico e muscolatura scolpita, anni 27, peso 78kg, altezza 180cm.",0,100,0,90,90,90,27,78,180,50,0,50,0,2,0,0,0,0,0,40,50,0,0,0,0,0,0,0,0,0,0,0,0,0,0,55,40,50.0,45.0,50.0,50.0,50.0,50
"Crea una donna giovane, alta, atletica, di etnia asiatica, con proporzioni snelle, viso ovale e caratteristiche delicate.",0,100,0,0,0,40,25,55,175,50,60,50,0,0,0,0,0,0,0,30,50,50,0,0,0,0,0,0,0,0,0,0,0,0,0,50,40,80.0,50.0,50.0,40.0,60.0,50
"Crea un uomo adulto, di altezza media, corporatura robusta, etnia caucasica, con spalle larghe e volto squadrato.",0,0,100,0,0,30,35,85,170,50,70,50,0,2,0,0,0,0,0,40,60,0,0,0,60,0,0,0,0,0,0,0,0,0,0,50,50,50.0,60.0,70.0,40.0,50.0,50
"Crea una ragazza giovane, bassa, magra, etnia africana, con lineamenti delicati",100,0,0,0,0,40,20,45,160,50,50,50,0,0,0,0,0,0,0,20,30,0,0,0,0,0,0,0,0,0,0,0,0,0,0,40,30,30.0,30.0,30.0,30.0,30.0,50
"Crea un uomo anziano, alto, di corporatura snella, etnia asiatica, con un viso allungato",0,100,0,0,0,40,70,60,185,50,30,50,0,2,0,0,0,0,0,80,20,0,0,0,0,0,0,0,0,0,0,0,0,0,0,40,40,20.0,40.0,30.0,30.0,30.0,50
"Crea una donna adulta, di altezza media, corporatura normale, etnia caucasica, con proporzioni armoniose e viso ovale.",0,0,100,0,0,50,30,65,170,50,70,50,0,0,0,0,0,0,0,40,50,60,0,0,0,0,0,0,0,0,0,0,0,0,0,50,50,50.0,50.0,40.0,50.0,40.0,50
"Crea un ragazzo giovane, alto, muscoloso, di etnia africana, con spalle possenti e viso rettangolare.",100,0,0,80,80,80,25,75,190,50,30,50,0,2,0,0,0,0,0,20,60,0,0,60,0,0,0,0,0,0,0,0,0,0,0,60,50,50.0,60.0,60.0,60.0,60.0,50
"Crea una donna giovane, alta, atletica, di etnia asiatica, con proporzioni snelle, viso ovale e caratteristiche delicate.",0,100,0,60,60,60,25,55,175,50,60,50,0,0,0,0,0,0,0,30,50,50,0,0,0,0,0,0,0,0,0,0,0,0,0,50,40,80.0,50.0,50.0,40.0,60.0,50
"Crea un uomo adulto, di altezza media, corporatura robusta, etnia caucasica, con spalle larghe e volto squadrato.",0,0,100,0,0,30,35,85,170,50,70,50,0,2,0,0,0,0,0,40,60,0,0,0,60,0,0,0,0,0,0,0,0,0,0,50,50,50.0,60.0,70.0,40.0,50.0,50
"Crea una ragazza giovane, bassa, magra, etnia africana, con lineamenti delicati",100,0,0,0,0,40,20,45,160,50,50,50,0,0,0,0,0,0,0,20,30,0,0,0,0,0,0,0,0,0,0,0,0,0,0,40,30,30.0,30.0,30.0,30.0,30.0,50
"Crea un uomo anziano, alto, di corporatura snella, etnia asiatica, con un viso allungato",0,100,0,0,0,40,70,60,185,50,30,50,0,2,0,0,0,0,0,80,20,0,0,0,0,0,0,0,0,0,0,0,0,0,0,40,40,20.0,40.0,30.0,30.0,30.0,50
"Crea una donna adulta, di altezza media, corporatura normale, etnia caucasica, con proporzioni armoniose e viso ovale.",0,0,100,0,0,50,40,65,170,50,70,50,0,0,0,0,0,0,0,40,50,60,0,0,0,0,0,0,0,0,0,0,0,0,0,50,50,50.0,50.0,40.0,50.0,40.0,50
"Crea un ragazzo giovane, alto, muscoloso, di etnia africana, con spalle possenti e viso rettangolare.",100,0,0,80,80,80,25,75,190,50,30,50,0,2,0,0,0,0,0,20,60,0,0,60,0,0,0,0,0,0,0,0,0,0,0,60,50,50.0,50.0,60.0,60.0,60.0,50
"Crea una donna adulta, di corporatura snella, etnia asiatica, con un viso rotondo",0,100,0,0,0,40,40,60,165,50,60,50,0,0,0,0,0,0,0,30,60,30,50,0,0,0,0,0,0,0,0,0,0,0,0,50,50,40.0,50.0,50.0,60.0,50.0,50
"Crea un uomo giovane, muscoloso, di altezza media, etnia africana, con spalle larghe e viso ovale.",100,0,0,80,80,80,28,85,175,50,0,50,0,2,0,0,0,0,0,40,60,50,0,0,0,0,0,0,0,0,0,0,0,0,0,40,40,50.0,60.0,60.0,50.0,60.0,50
"Crea una ragazza alta, snella, di etnia caucasica, con lineamenti delicati",0,0,100,0,0,40,22,55,180,50,70,50,0,0,0,0,0,0,0,30,50,30,0,0,0,0,0,0,0,0,0,0,0,0,0,60,40,40.0,50.0,60.0,40.0,50.0,50
"Crea un uomo adulto, alto, muscoloso, etnia asiatica, con un viso triangolare e lineamenti forti.",0,100,0,80,80,80,38,95,185,50,80,50,0,2,0,0,0,0,0,40,50,50,0,0,0,50,0,0,0,0,0,0,0,0,0,60,40,50.0,50.0,60.0,50.0,60.0,50
"Crea una donna giovane, di corporatura normale, etnia africana, con un viso rotondo",100,0,0,0,0,50,24,65,165,50,50,50,0,0,0,0,0,0,0,20,30,40,50,0,0,0,0,0,0,0,0,0,0,0,0,60,50,40.0,60.0,50.0,40.0,60.0,50
"Crea un uomo anziano, basso, snello e di etnia caucasica",0,0,100,0,0,40,70,50,170,50,60,50,0,2,0,0,0,0,0,50,50,30,0,0,0,0,0,0,0,0,0,0,0,0,0,50,50,50.0,50.0,40.0,60.0,50.0,50
"Crea una donna alta, snella, di etnia asiatica, con un viso triangolare",0,100,0,0,0,40,26,60,180,50,70,50,0,0,0,0,0,0,0,20,30,40,0,0,0,50,0,0,0,0,0,0,0,0,0,50,50,50.0,40.0,60.0,60.0,50.0,50
"Crea un ragazzo giovane, di corporatura media, etnia africana, con viso quadrato e caratteristiche muscolose.",100,0,0,80,80,80,30,80,180,50,50,50,0,2,0,0,0,0,0,60,50,0,0,0,50,0,0,0,0,0,0,0,0,0,0,50,60,50.0,60.0,50.0,40.0,50.0,50
"Crea una donna adulta, con altezza media, etnia caucasica, viso quadrato e corporatura snella.",0,0,100,0,0,40,35,70,160,50,70,50,0,0,0,0,0,0,0,40,50,0,0,0,50,0,0,0,0,0,0,0,0,0,0,50,50,40.0,50.0,50.0,60.0,50.0,50
"Crea un uomo giovane, di corporatura robusta, di etnia asiatica, con viso quadrato",0,100,0,0,0,30,26,85,180,50,80,50,0,2,0,0,0,0,0,40,60,0,0,0,50,0,0,0,0,0,0,0,0,0,0,60,50,50.0,50.0,60.0,50.0,60.0,50
"Crea una figura neutra giovane, di altezza media, corporatura snella, etnia asiatica, con un viso ovale.",0,100,0,0,0,40,20,50,170,50,50,50,0,1,0,0,0,0,0,40,50,50,0,0,0,0,0,0,0,0,0,0,0,0,0,40,40,40.0,40.0,50.0,40.0,40.0,50
"Crea una figura neutra adulta, alta, di corporatura media, etnia africana, con un viso triangolare.",100,0,0,0,0,50,35,70,180,50,40,50,0,1,0,0,0,0,0,40,60,0,0,50,0,0,0,0,0,0,0,0,0,0,0,50,50,50.0,40.0,60.0,50.0,50.0,50
"Crea una figura neutra matura, bassa, di corporatura robusta, etnia caucasica, con un viso quadrato.",0,0,100,0,0,30,50,85,160,50,30,50,0,1,0,0,0,0,0,50,50,30,0,0,0,0,0,0,0,0,0,0,0,0,0,50,40,40.0,50.0,50.0,30.0,50.0,50
"Crea una figura neutra giovane, di altezza media, muscolosa, etnia africana, con un viso rettangolare.",100,0,0,80,80,80,25,75,175,50,40,50,0,1,0,0,0,0,0,50,60,0,0,50,0,0,0,0,0,0,0,0,0,0,0,60,50,50.0,60.0,60.0,60.0,50.0,50
"Crea una figura neutra giovane, di altezza media, proporzioni delicate, etnia asiatica, con un viso ovale.",0,100,0,40,30,55,20,60,165,50,50,50,0,1,0,0,0,0,0,40,50,50,0,30,0,0,0,0,0,0,0,0,0,0,0,40,40,40.0,40.0,50.0,40.0,40.0,50
"Crea un uomo adulto, alto, di corporatura robusta, etnia africana, con spalle larghe e volto rettangolare.",100,0,0,0,0,30,40,95,185,50,30,50,0,2,0,0,0,0,0,30,70,0,0,60,0,0,0,0,0,0,0,0,0,0,0,60,50,60.0,50.0,70.0,60.0,60.0,50
"Crea una donna giovane, bassa, atletica, di etnia asiatica, con viso ovale e proporzioni armoniose.",0,100,0,60,60,60,22,50,160,50,50,50,0,0,0,0,0,0,0,40,40,50,0,0,0,0,0,0,0,0,0,0,0,0,0,50,50,40.0,50.0,50.0,50.0,50.0,50
"Crea una ragazza giovane, snella, di altezza media, etnia caucasica, con lineamenti delicati.",0,0,100,0,0,40,21,50,165,50,60,50,0,0,0,0,0,0,0,30,40,30,0,0,0,0,0,0,0,0,0,0,0,0,0,50,50,40.0,40.0,40.0,40.0,40.0,50
"Crea un uomo maturo, di altezza media, con corporatura normale, etnia asiatica, e viso rettangolare.",0,100,0,0,0,50,45,75,175,50,40,50,0,2,0,0,0,0,0,50,50,0,0,0,50,0,0,0,0,0,0,0,0,0,0,50,50,50.0,50.0,50.0,50.0,50.0,50
"Crea una donna anziana, di altezza media, con corporatura robusta, etnia africana, e un viso rotondo.",100,0,0,0,0,30,65,70,165,50,40,50,0,0,0,0,0,0,0,30,30,40,50,0,0,0,0,0,0,0,0,0,0,0,0,50,50,50.0,50.0,50.0,40.0,50.0,50
"Crea un ragazzo giovane, alto, atletico, di etnia caucasica, con spalle larghe e volto ovale.",0,0,100,60,60,60,23,65,180,50,50,50,0,2,0,0,0,0,0,40,60,0,0,50,0,0,0,0,0,0,0,0,0,0,0,50,50,50.0,60.0,60.0,50.0,50.0,50
"Crea una figura neutra matura, alta, di corporatura robusta, etnia africana, con un viso rettangolare.",100,0,0,0,0,30,50,85,185,50,40,50,0,1,0,0,0,0,0,40,60,0,0,50,0,0,0,0,0,0,0,0,0,0,0,60,60,50.0,50.0,60.0,50.0,50.0,50
"Crea una figura neutra giovane, bassa, snella, di etnia asiatica, con un viso ovale e caratteristiche delicate.",0,100,0,0,0,40,19,45,160,50,30,50,0,1,0,0,0,0,0,30,40,30,0,0,0,0,0,0,0,0,0,0,0,0,0,40,40,40.0,40.0,40.0,40.0,40.0,50
"Crea una donna adulta, alta, muscolosa, di etnia asiatica, con spalle larghe e viso triangolare.",0,100,0,70,70,70,30,75,180,50,60,50,0,0,0,0,0,0,0,50,40,40,0,0,0,50,0,0,0,0,0,0,0,0,0,50,50,50.0,50.0,60.0,50.0,50.0,50
"Crea un uomo anziano, basso, con corporatura snella, etnia caucasica, e viso allungato.",0,0,100,0,0,40,68,60,160,50,30,50,0,2,0,0,0,0,0,40,40,30,0,0,0,0,0,0,0,0,0,0,0,0,0,40,50,40.0,40.0,40.0,30.0,40.0,50
"Genera un uomo giovane con pelle bianca, corpo atletico, mani grandi e collo muscoloso, età 25, peso 75kg, altezza 180cm.",0,0,100,60,60,60,25,75,180,50,0,50,0,2,0,0,0,0,0,40,50,0,0,0,0,30,0,0,0,0,0,0,0,0,0,60,40,50.0,65.0,50.0,70.0,50.0,50
"Genera una donna giovane con pelle bianca, viso ovale, busto tonico, età 22, peso 60kg, altezza 170cm.",0,0,100,40,50,65,22,60,170,50,50,50,0,0,0,0,0,0,0,50,50,50,0,0,0,0,0,0,0,0,0,0,0,0,0,50,30,40.0,40.0,40.0,50.0,50.0,50
"Genera una persona di genere neutro con pelle bianca, viso quadrato, età 30, peso 85kg, altezza 185cm.",0,0,100,0,0,50,30,85,185,50,0,50,0,1,0,0,0,0,0,40,50,0,0,50,0,0,0,0,0,0,0,0,0,0,0,50,40,50.0,40.0,50.0,50.0,50.0,50
"Genera un uomo adulto con pelle bianca, viso triangolare, corpo muscoloso età 35, peso 90kg, altezza 190cm.",0,0,100,80,80,80,35,90,190,50,0,50,0,2,0,0,0,0,0,40,50,0,0,0,0,0,50,0,0,0,0,0,0,0,0,60,40,50.0,45.0,50.0,50.0,50.0,50
"Genera una donna adulta con pelle bianca, viso a forma di diamante, busto scolpito, età 28, peso 68kg, altezza 172cm.",0,0,100,80,80,80,28,68,172,50,50,50,0,0,0,0,0,0,0,50,50,0,0,0,0,0,0,50,0,0,0,0,0,0,0,50,30,40.0,40.0,40.0,50.0,50.0,50
"Genera una persona di genere neutro con pelle bianca, viso rettangolare, spalle larghe e vita snella, età 29, peso 78kg, altezza 180cm.",0,0,100,0,0,40,29,78,180,50,0,50,0,1,0,0,0,0,0,40,50,0,0,0,0,0,0,0,0,0,0,0,0,0,0,50,40,50.0,40.0,50.0,50.0,50.0,50
"Genera un uomo giovane con pelle bianca, viso rotondo, corpo scolpito e collo muscoloso, età 23, peso 72kg, altezza 175cm.",0,0,100,90,90,90,23,72,175,50,0,50,0,2,0,0,0,0,0,40,50,0,50,0,0,0,0,0,0,0,0,0,0,0,0,60,40,50.0,45.0,50.0,70.0,50.0,50
"Genera una donna adulta con pelle bianca, viso triangolare, busto snodato e vita sottile, età 33, peso 63kg, altezza 168cm.",0,0,100,0,0,50,33,63,168,50,50,50,0,0,0,0,0,0,0,40,50,0,0,0,0,0,50,0,0,0,0,0,0,0,0,50,30,40.0,40.0,40.0,50.0,50.0,50
"Genera una persona di genere neutro con pelle bianca, viso ovale, mani piccole, età 26, peso 68kg, altezza 178cm.",0,0,100,0,0,50,26,68,178,50,0,50,0,1,0,0,0,0,0,50,50,50,0,0,0,0,0,0,0,0,0,0,0,0,0,50,30,40.0,30.0,40.0,50.0,50.0,50
"Genera un uomo adulto con pelle bianca, viso quadrato, corpo scolpito e mani larghe, età 40, peso 95kg, altezza 188cm.",0,0,100,90,90,90,40,95,188,50,0,50,0,2,0,0,0,0,0,40,50,0,0,50,0,0,0,0,0,0,0,0,0,0,0,60,40,50.0,45.0,50.0,50.0,50.0,50
"Crea un uomo adulto con pelle bianca, corpo atletico e spalle larghe, età 30, peso 85kg, altezza 185cm.",0,0,100,60,60,60,30,85,185,50,0,50,0,2,0,0,0,0,0,40,50,0,0,0,0,0,0,0,0,0,0,0,0,0,0,60,40,50.0,45.0,50.0,50.0,50.0,50
"Genera una donna giovane con pelle bianca, busto tonico, età 24, peso 62kg, altezza 170cm.",0,0,100,40,50,60,24,62,170,50,50,50,0,0,0,0,0,0,0,40,50,0,0,0,0,0,0,0,0,0,0,0,0,0,0,50,30,40.0,40.0,40.0,50.0,50.0,50
"Crea una persona di genere neutro con pelle bianca, muscoloso, mani grandi, età 28, peso 78kg, altezza 180cm.",0,0,100,80,80,80,28,78,180,50,0,50,0,1,0,0,0,0,0,40,50,0,0,0,0,0,0,0,0,0,0,0,0,0,0,50,40,50.0,65.0,50.0,50.0,50.0,50
"Genera un uomo giovane con pelle bianca, corpo muscoloso, età 27, peso 82kg, altezza 182cm.",0,0,100,80,80,80,27,82,182,50,0,50,0,2,0,0,0,0,0,40,50,0,0,0,0,0,0,0,0,0,0,0,0,0,0,60,40,50.0,45.0,50.0,50.0,50.0,50
"Crea una donna adulta con pelle bianca, busto scolpito, età 32, peso 65kg, altezza 172cm.",0,0,100,80,80,75,32,65,172,50,50,50,0,0,0,0,0,0,0,40,50,0,0,0,0,0,0,0,0,0,0,0,0,0,0,50,30,40.0,40.0,40.0,50.0,50.0,50
"Genera una persona di genere neutro con pelle bianca, busto tonico, età 29, peso 76kg, altezza 178cm.",0,0,100,0,0,50,29,76,178,50,0,50,0,1,0,0,0,0,0,40,50,0,0,0,0,0,0,0,0,0,0,0,0,0,0,50,40,50.0,40.0,50.0,50.0,50.0,50
"Crea un uomo adulto con pelle bianca, busto ampio, età 40, peso 95kg, altezza 190cm.",0,0,100,50,60,65,40,95,190,50,0,50,0,2,0,0,0,0,0,40,50,0,0,0,0,0,0,0,0,0,0,0,0,0,0,60,40,50.0,45.0,50.0,50.0,50.0,50
"Genera una donna giovane con pelle bianca, età 23, peso 58kg, altezza 168cm.",0,0,100,0,0,50,23,58,168,50,50,50,0,0,0,0,0,0,0,40,50,0,0,0,0,0,0,0,0,0,0,0,0,0,0,50,30,40.0,40.0,40.0,50.0,50.0,50
"Crea una persona di genere neutro con pelle bianca, vita snella e mani proporzionate, età 26, peso 70kg, altezza 175cm.",0,0,100,0,0,50,26,70,175,50,0,50,0,1,0,0,0,0,0,40,50,0,0,0,0,0,0,0,0,0,0,0,0,0,0,50,40,50.0,40.0,50.0,50.0,50.0,50
"Genera un uomo giovane con pelle bianca, età 28, peso 80kg, altezza 180cm.",0,0,100,0,0,50,28,80,180,50,0,50,0,2,0,0,0,0,0,40,50,0,0,0,0,0,0,0,0,0,0,0,0,0,0,60,40,50.0,45.0,50.0,50.0,50.0,50
"Crea una donna adulta con pelle bianca, busto proporzionato, età 35, peso 66kg, altezza 170cm.",0,0,100,0,0,50,35,66,170,50,50,50,0,0,0,0,0,0,0,40,50,0,0,0,0,0,0,0,0,0,0,0,0,0,0,50,30,40.0,40.0,40.0,50.0,50.0,50
"Genera una persona di genere neutro con pelle bianca, corpo atletico e spalle ben definite, età 31, peso 77kg, altezza 178cm.",0,0,100,60,60,60,31,77,178,50,0,50,0,1,0,0,0,0,0,40,50,0,0,0,0,0,0,0,0,0,0,0,0,0,0,50,40,50.0,40.0,50.0,50.0,50.0,50
"Crea un uomo adulto con etnia caucasica, spalle larghe e corpo muscoloso, età 34, peso 90kg, altezza 188cm.",0,0,100,80,80,80,34,90,188,50,0,50,0,2,0,0,0,0,0,40,50,0,0,0,0,0,0,0,0,0,0,0,0,0,0,60,40,50.0,45.0,50.0,50.0,50.0,50
"Genera una donna giovane con pelle bianca, busto proporzionato, età 25, peso 60kg, altezza 170cm.",0,0,100,0,0,50,25,60,170,50,50,50,0,0,0,0,0,0,0,40,50,0,0,0,0,0,0,0,0,0,0,0,0,0,0,50,30,40.0,40.0,40.0,50.0,50.0,50
"Crea una persona di genere neutro con etnia caucasica, busto scolpito e mani proporzionate, età 29, peso 75kg, altezza 178cm.",0,0,100,90,90,90,29,75,178,50,0,50,0,1,0,0,0,0,0,40,50,0,0,0,0,0,0,0,0,0,0,0,0,0,0,50,40,50.0,40.0,50.0,50.0,50.0,50
"Genera un uomo giovane con pelle chiara, corpo atletico, età 27, peso 85kg, altezza 185cm.",0,0,100,60,60,60,27,85,185,50,0,50,0,2,0,0,0,0,0,40,50,0,0,0,0,0,0,0,0,0,0,0,0,0,0,60,40,50.0,45.0,50.0,50.0,50.0,50
"Crea una donna adulta con etnia caucasica, busto tonico e vita snella, età 33, peso 64kg, altezza 172cm.",0,0,100,40,50,65,33,64,172,50,50,50,0,0,0,0,0,0,0,40,50,0,0,0,0,0,0,0,0,0,0,0,0,0,0,50,30,40.0,40.0,40.0,50.0,50.0,50
"Genera una persona di genere neutro con pelle bianca, età 30, peso 80kg, altezza 180cm.",0,0,100,0,0,50,30,80,180,50,0,50,0,1,0,0,0,0,0,40,50,0,0,0,0,0,0,0,0,0,0,0,0,0,0,50,40,50.0,40.0,50.0,50.0,50.0,50
"Genera una donna giovane con etnia caucasica,busto proporzionato, età 24, peso 58kg, altezza 168cm.",0,0,100,0,0,50,24,58,168,50,50,50,0,0,0,0,0,0,0,40,50,0,0,0,0,0,0,0,0,0,0,0,0,0,0,50,30,40.0,40.0,40.0,50.0,50.0,50
"Crea una persona di genere neutro con pelle chiara, busto scolpito, età 32, peso 78kg, altezza 178cm.",0,0,100,90,90,90,32,78,178,50,0,50,0,1,0,0,0,0,0,40,50,0,0,0,0,0,0,0,0,0,0,0,0,0,0,50,40,50.0,40.0,50.0,50.0,50.0,50
"Genera un uomo giovane con etnia caucasica, busto tonico e mani grandi, età 26, peso 80kg, altezza 180cm.",0,0,100,50,60,65,26,80,180,50,0,50,0,2,0,0,0,0,0,40,50,0,0,0,0,0,0,0,0,0,0,0,0,0,0,60,40,50.0,65.0,50.0,50.0,50.0,50
"Crea una donna adulta con pelle chiara, busto scolpito e vita proporzionata, età 36, peso 67kg, altezza 170cm.",0,0,100,80,80,90,36,67,170,50,50,50,0,0,0,0,0,0,0,40,50,0,0,0,0,0,0,0,0,0,0,0,0,0,0,50,30,40.0,40.0,40.0,50.0,50.0,50
"Genera una persona di genere neutro con etnia caucasica età 28, peso 76kg, altezza 177cm.",0,0,100,0,0,50,28,76,177,50,0,50,0,1,0,0,0,0,0,40,50,0,0,0,0,0,0,0,0,0,0,0,0,0,0,50,40,50.0,40.0,50.0,50.0,50.0,50
"Genera una donna giovane con pelle scura, busto snello e vita proporzionata, età 25, peso 60kg, altezza 162cm.",100,0,0,0,0,40,25,60,162,50,50,50,0,0,0,0,0,0,0,40,50,0,0,0,0,0,0,0,0,0,0,0,0,0,0,50,30,40.0,40.0,40.0,50.0,50.0,50
"Crea una persona di genere neutro con pelle chiara, corpo tonico e spalle definite, età 32, peso 75kg, altezza 170cm.",0,0,100,50,50,60,32,75,170,50,0,50,0,1,0,0,0,0,0,40,50,0,0,0,0,0,0,0,0,0,0,0,0,0,0,50,40,50.0,40.0,50.0,50.0,50.0,50
"Genera un uomo giovane con pelle chiara, mani grandi, età 28, peso 80kg, altezza 178cm.",0,0,100,0,0,50,28,80,178,50,0,50,0,2,0,0,0,0,0,40,50,0,0,0,0,0,0,0,0,0,0,0,0,0,0,60,40,50.0,65.0,50.0,50.0,50.0,50
"Crea una donna adulta con etnia asiatica, e busto tonico, età 36, peso 64kg, altezza 168cm.",0,100,0,40,50,60,36,64,168,50,50,50,0,0,0,0,0,0,0,40,50,0,0,0,0,0,0,0,0,0,0,0,0,0,0,50,30,40.0,40.0,40.0,50.0,50.0,50
"Genera una persona di genere neutro con pelle olivastra, busto scolpito e mani lunghe, età 34, peso 73kg, altezza 175cm.",40,40,20,90,90,90,34,73,175,50,0,50,0,1,0,0,0,0,0,40,50,0,0,0,0,0,0,0,0,0,0,0,0,0,0,50,40,65.0,50.0,50.0,50.0,50.0,50
"Crea un uomo adulto con pelle scura, spalle larghe, età 42, peso 92kg, altezza 185cm.",100,0,0,50,60,65,42,92,185,50,0,50,0,2,0,0,0,0,0,40,50,0,0,0,0,0,0,0,0,0,0,0,0,0,0,60,40,50.0,45.0,50.0,50.0,50.0,50
"Genera una donna giovane con pelle chiara, busto proporzionato, età 27, peso 59kg, altezza 164cm.",0,0,100,0,0,50,27,59,164,50,50,50,0,0,0,0,0,0,0,40,50,0,0,0,0,0,0,0,0,0,0,0,0,0,0,50,30,40.0,40.0,40.0,50.0,50.0,50
"Crea una persona di genere neutro con etnia africana, corpo atletico, età 29, peso 76kg, altezza 173cm.",100,0,0,60,60,60,29,76,173,50,0,50,0,1,0,0,0,0,0,40,50,0,0,0,0,0,0,0,0,0,0,0,0,0,0,50,40,50.0,40.0,50.0,50.0,50.0,50
"Genera un uomo giovane con pelle chiara, corpo snello e spalle larghe, età 26, peso 72kg, altezza 180cm.",0,0,100,0,0,40,26,72,180,50,0,50,0,2,0,0,0,0,0,40,50,0,0,0,0,0,0,0,0,0,0,0,0,0,0,60,40,50.0,45.0,50.0,50.0,50.0,50
"Crea una persona di genere neutro con pelle olivastra, vita snella e braccia atletiche, età 30, peso 74kg, altezza 176cm.",30,30,40,0,0,40,30,74,176,50,0,50,0,1,0,0,0,0,0,40,50,0,0,0,0,0,0,0,0,0,0,0,0,0,0,50,40,50.0,40.0,50.0,50.0,50.0,50
"Genera una donna adulta con pelle chiara, busto snello e mani affusolate, età 34, peso 62kg, altezza 168cm.",0,0,100,0,0,40,34,62,168,50,50,50,0,0,0,0,0,0,0,40,50,0,0,0,0,0,0,0,0,0,0,0,0,0,0,50,30,40.0,40.0,40.0,50.0,50.0,50
"Genera un uomo adulto con pelle scura, busto ampio, età 38, peso 88kg, altezza 182cm.",100,0,0,50,60,80,38,88,182,50,0,50,0,2,0,0,0,0,0,40,50,0,0,0,0,0,0,0,0,0,0,0,0,0,0,60,40,50.0,45.0,50.0,50.0,50.0,50
"Crea una persona di genere neutro con pelle chiara, busto scolpito, età 28, peso 78kg, altezza 175cm.",0,0,100,90,90,90,28,78,175,50,0,50,0,1,0,0,0,0,0,40,50,0,0,0,0,0,0,0,0,0,0,0,0,0,0,50,40,50.0,40.0,50.0,50.0,50.0,50
"Genera una donna giovane con pelle scura, busto proporzionato e vita tonica, età 26, peso 61kg, altezza 165cm.",100,0,0,0,0,45,26,61,165,50,50,50,0,0,0,0,0,0,0,40,50,0,0,0,0,0,0,0,0,0,0,0,0,0,0,50,30,40.0,40.0,40.0,50.0,50.0,50
"Genera un uomo giovane con pelle chiara,mani grandi, età 29, peso 82kg, altezza 185cm.",0,0,100,0,0,50,29,82,185,50,0,50,0,2,0,0,0,0,0,40,50,0,0,0,0,0,0,0,0,0,0,0,0,0,0,60,40,50.0,45.0,50.0,50.0,50.0,50
"Crea una persona di genere neutro con pelle olivastra, corpo atletico e spalle ampie, età 31, peso 79kg, altezza 178cm.",40,40,20,60,60,60,31,79,178,50,0,50,0,1,0,0,0,0,0,40,50,0,0,0,0,0,0,0,0,0,0,0,0,0,0,50,40,50.0,40.0,50.0,50.0,50.0,50
"Genera una donna adulta con pelle chiara, busto scolpito e mani delicate, età 37, peso 66kg, altezza 170cm.",0,0,100,80,80,90,37,66,170,50,50,50,0,0,0,0,0,0,0,40,50,0,0,0,0,0,0,0,0,0,0,0,0,0,0,50,30,40.0,40.0,40.0,50.0,50.0,50
"Genera un uomo adulto con pelle olivastra, busto ampio, età 40, peso 90kg, altezza 188cm.",40,30,30,50,60,85,40,90,188,50,0,50,0,2,0,0,0,0,0,40,50,0,0,0,0,0,0,0,0,0,0,0,0,0,0,60,40,50.0,45.0,50.0,50.0,50.0,50
"Crea una persona di genere neutro con pelle scura, busto scolpito e vita proporzionata, età 33, peso 76kg, altezza 174cm.",100,0,0,90,90,90,33,76,174,50,0,50,0,1,0,0,0,0,0,40,50,0,0,0,0,0,0,0,0,0,0,0,0,0,0,50,40,50.0,40.0,50.0,50.0,50.0,50
"Crea una persona di genere neutro con etnia africana, muscolatura tonica, età 30, peso 78kg, altezza 175cm.",100,0,0,50,50,70,30,78,175,50,0,50,0,1,0,0,0,0,0,40,50,0,0,0,0,0,0,0,0,0,0,0,0,0,0,50,40,50.0,40.0,50.0,50.0,50.0,50
"Crea un uomo adulto con etnia asiatica, muscolatura scolpita, età 38, peso 85kg, altezza 180cm.",0,100,0,90,90,90,38,85,180,50,0,50,0,2,0,0,0,0,0,40,50,0,0,0,0,0,0,0,0,0,0,0,0,0,0,60,40,50.0,45.0,50.0,50.0,50.0,50
"Crea una donna giovane con etnia caucasica, muscolatura proporzionata, età 24, peso 60kg, altezza 165cm.",0,0,100,0,0,50,24,60,165,50,50,50,0,0,0,0,0,0,0,40,50,0,0,0,0,0,0,0,0,0,0,0,0,0,0,50,30,40.0,40.0,40.0,50.0,50.0,50
"Crea una persona di genere neutro con etnia europea, muscolatura atletica, età 32, peso 77kg, altezza 178cm.",0,0,100,60,60,60,32,77,178,50,0,50,0,1,0,0,0,0,0,40,50,0,0,0,0,0,0,0,0,0,0,0,0,0,0,50,40,50.0,40.0,50.0,50.0,50.0,50
"Crea un uomo giovane con etnia africana, muscolatura possente, età 27, peso 90kg, altezza 185cm.",100,0,0,90,90,90,27,90,185,50,0,50,0,2,0,0,0,0,0,40,50,0,0,0,0,0,0,0,0,0,0,0,0,0,0,60,40,50.0,45.0,50.0,50.0,50.0,50
"Crea una donna adulta con etnia asiatica, muscolatura snella, età 35, peso 62kg, altezza 170cm.",0,100,0,0,0,40,35,62,170,50,50,50,0,0,0,0,0,0,0,40,50,0,0,0,0,0,0,0,0,0,0,0,0,0,0,50,30,40.0,40.0,40.0,50.0,50.0,50
"Crea una persona di genere neutro con etnia caucasica, muscolatura definita, età 29, peso 74kg, altezza 175cm.",0,0,100,70,70,70,29,74,175,50,0,50,0,1,0,0,0,0,0,40,50,0,0,0,0,0,0,0,0,0,0,0,0,0,0,50,40,50.0,40.0,50.0,50.0,50.0,50
"Crea un uomo adulto con etnia europea, muscolatura imponente, età 40, peso 95kg, altezza 190cm.",0,0,100,90,90,90,40,95,190,50,0,50,0,2,0,0,0,0,0,40,50,0,0,0,0,0,0,0,0,0,0,0,0,0,0,60,40,50.0,45.0,50.0,50.0,50.0,50
"Crea una donna giovane con etnia africana, muscolatura scolpita, età 28, peso 68kg, altezza 172cm.",100,0,0,90,90,90,28,68,172,50,50,50,0,0,0,0,0,0,0,40,50,0,0,0,0,0,0,0,0,0,0,0,0,0,0,50,30,40.0,40.0,40.0,50.0,50.0,50
"Crea una persona di genere neutro con etnia asiatica, muscolatura snella e tonica, età 31, peso 71kg, altezza 176cm.",0,100,0,0,0,40,31,71,176,50,0,50,0,1,0,0,0,0,0,40,50,0,0,0,0,0,0,0,0,0,0,0,0,0,0,50,40,50.0,40.0,50.0,50.0,50.0,50
"Crea una donna snella di pelle chiara, età 25, peso 55kg, altezza 165cm.",0,0,100,0,0,40,25,55,165,50,50,50,0,0,0,0,0,0,0,40,50,0,0,0,0,0,0,0,0,0,0,0,0,0,0,50,30,40.0,40.0,40.0,50.0,50.0,50
"Crea un uomo robusto di pelle scura, età 35, peso 100kg, altezza 185cm.",100,0,0,0,0,30,35,100,185,50,0,50,0,2,0,0,0,0,0,40,50,0,0,0,0,0,0,0,0,0,0,0,0,0,0,60,40,50.0,45.0,50.0,50.0,50.0,50
"Crea una persona di genere neutro snella di pelle media, età 30, peso 70kg, altezza 175cm.",50,50,50,0,0,40,30,70,175,50,0,50,0,1,0,0,0,0,0,40,50,0,0,0,0,0,0,0,0,0,0,0,0,0,0,50,40,50.0,40.0,50.0,50.0,50.0,50
"Crea un uomo snello di pelle chiara, età 22, peso 65kg, altezza 178cm.",0,0,100,30,30,65,22,65,178,50,0,50,0,2,0,0,0,0,0,40,50,0,0,0,0,0,0,0,0,0,0,0,0,0,0,50,40,50.0,40.0,50.0,50.0,50.0,50
"Crea una persona di genere neutro robusta di pelle scura, età 33, peso 95kg, altezza 180cm.",100,0,0,0,0,30,33,95,180,50,0,50,0,1,0,0,0,0,0,40,50,0,0,0,0,0,0,0,0,0,0,0,0,0,0,60,40,50.0,45.0,50.0,50.0,50.0,50
"Crea una donna snella di pelle abbronzata, età 28, peso 60kg, altezza 167cm.",70,0,30,0,0,40,28,60,167,50,50,50,0,0,0,0,0,0,0,40,50,0,0,0,0,0,0,0,0,0,0,0,0,0,0,50,30,40.0,40.0,40.0,50.0,50.0,50
"Crea un uomo robusto di pelle chiara, età 45, peso 110kg, altezza 190cm.",0,0,100,0,0,30,45,110,190,50,0,50,0,2,0,0,0,0,0,40,50,0,0,0,0,0,0,0,0,0,0,0,0,0,0,60,40,50.0,45.0,50.0,50.0,50.0,50
"Crea una donna robusta di pelle scura, età 36, peso 92kg, altezza 175cm.",100,0,0,0,0,30,36,92,175,50,50,50,0,0,0,0,0,0,0,40,50,0,0,0,0,0,0,0,0,0,0,0,0,0,0,50,30,40.0,40.0,40.0,50.0,50.0,50
"Crea un uomo giovane con pelle media, muscolatura scolpita, età 25, peso 75kg, altezza 178cm.",50,50,50,90,90,90,25,75,178,50,0,50,0,2,0,0,0,0,0,40,50,0,0,0,0,0,0,0,0,0,0,0,0,0,0,50,40,50.0,45.0,50.0,50.0,50.0,50
"Crea una persona di genere neutro con pelle chiara, corpo atletico e vita proporzionata, età 31, peso 74kg, altezza 177cm.",0,0,100,60,60,60,31,74,177,50,0,50,0,1,0,0,0,0,0,40,50,0,0,0,0,0,0,0,0,0,0,0,0,0,0,50,40,50.0,40.0,50.0,50.0,50.0,50
"Crea un uomo giovane con pelle media, muscolatura scolpita, età 25, peso 75kg, altezza 178cm.",50,50,50,90,90,90,25,75,178,50,0,50,0,2,0,0,0,0,0,40,50,0,0,0,0,0,0,0,0,0,0,0,0,0,0,50,40,50.0,45.0,50.0,50.0,50.0,50
"Crea una donna adulta con pelle chiara, corpo atletico, età 30, peso 68kg, altezza 170cm.",0,0,100,60,60,60,30,68,170,50,50,50,0,0,0,0,0,0,0,40,50,0,0,0,0,0,0,0,0,0,0,0,0,0,0,50,30,40.0,40.0,40.0,50.0,50.0,50
"Crea una persona di genere neutro con pelle scura, corpo snello e busto proporzionato, età 29, peso 70kg, altezza 175cm.",100,0,0,0,0,40,29,70,175,50,0,50,0,1,0,0,0,0,0,40,50,0,0,0,0,0,0,0,0,0,0,0,0,0,0,50,40,50.0,40.0,50.0,50.0,50.0,50
"Crea un uomo adulto con pelle chiara,busto muscoloso, età 35, peso 88kg, altezza 185cm.",0,0,100,80,80,80,35,88,185,50,0,50,0,2,0,0,0,0,0,40,50,0,0,0,0,0,0,0,0,0,0,0,0,0,0,60,40,50.0,45.0,50.0,50.0,50.0,50
"Crea una donna giovane con pelle media, vita snella, età 26, peso 60kg, altezza 165cm.",50,50,50,0,0,40,26,60,165,50,50,50,0,0,0,0,0,0,0,40,50,0,0,0,0,0,0,0,0,0,0,0,0,0,0,50,30,40.0,40.0,40.0,50.0,50.0,50
"Crea una persona di genere neutro con pelle chiara, corpo atletico e vita proporzionata, età 31, peso 74kg, altezza 177cm.",0,0,100,60,60,60,31,74,177,50,0,50,0,1,0,0,0,0,0,40,50,0,0,0,0,0,0,0,0,0,0,0,0,0,0,50,40,50.0,40.0,50.0,50.0,50.0,50
"Crea un uomo adulto con pelle media, corporatura muscolosa, età 40, peso 85kg, altezza 180cm.",50,50,50,80,80,80,40,85,180,50,0,50,0,2,0,0,0,0,0,40,50,0,0,0,0,0,0,0,0,0,0,0,0,0,0,55,40,50.0,45.0,50.0,50.0,50.0,50
"Crea una donna adulta con pelle scura, vita proporzionata, età 34, peso 65kg, altezza 168cm.",100,0,0,0,0,50,34,65,168,50,50,50,0,0,0,0,0,0,0,40,50,0,0,0,0,0,0,0,0,0,0,0,0,0,0,50,30,40.0,40.0,40.0,50.0,50.0,50
"Crea una persona giovane con pelle media, corpo snello e busto proporzionato, età 22, peso 68kg, altezza 170cm.",50,50,50,0,0,40,22,68,170,50,0,50,0,1,0,0,0,0,0,40,50,0,0,0,0,0,0,0,0,0,0,0,0,0,0,50,40,50.0,40.0,50.0,50.0,50.0,50
"Crea un uomo giovane con pelle scura, muscolatura scolpita, età 28, peso 80kg, altezza 182cm.",100,0,0,90,90,90,28,80,182,50,0,50,0,2,0,0,0,0,0,40,50,0,0,0,0,0,0,0,0,0,0,0,0,0,0,55,40,50.0,45.0,50.0,50.0,50.0,50
"Crea un uomo snello di pelle media, 24 anni, peso 68kg, altezza 175cm.",50,50,50,0,0,40,24,68,175,50,0,50,0,2,0,0,0,0,0,40,50,0,0,0,0,0,0,0,0,0,0,0,0,0,0,50,40,50.0,40.0,50.0,50.0,50.0,50
"Crea una donna robusta di pelle chiara, età 38, peso 90kg, altezza 172cm.",0,0,100,0,0,30,38,90,172,50,50,50,0,0,0,0,0,0,0,40,50,0,0,0,0,0,0,0,0,0,0,0,0,0,0,50,30,40.0,40.0,40.0,50.0,50.0,50
"Crea una persona di genere neutro snella con pelle chiara, 29 anni, peso 62kg, altezza 168cm.",0,0,100,0,0,40,29,62,168,50,0,50,0,1,0,0,0,0,0,40,50,0,0,0,0,0,0,0,0,0,0,0,0,0,0,50,40,50.0,40.0,50.0,50.0,50.0,50
"Crea un uomo robusto di pelle scura, età 42, peso 105kg, altezza 185cm.",100,0,0,0,0,30,42,105,185,50,0,50,0,2,0,0,0,0,0,40,50,0,0,0,0,0,0,0,0,0,0,0,0,0,0,60,40,50.0,45.0,50.0,50.0,50.0,50
"Crea una donna muscolosa di pelle media, 32 anni, peso 75kg, altezza 170cm.",50,50,50,70,70,70,32,75,170,50,50,50,0,0,0,0,0,0,0,40,50,0,0,0,0,0,0,0,0,0,0,0,0,0,0,50,30,40.0,40.0,40.0,50.0,50.0,50
"Crea una persona giovane di genere neutro con pelle chiara e muscolatura scolpita, età 27, peso 78kg, altezza 180cm.",0,0,100,90,90,90,27,78,180,50,0,50,0,1,0,0,0,0,0,40,50,0,0,0,0,0,0,0,0,0,0,0,0,0,0,50,40,50.0,40.0,50.0,50.0,50.0,50
"Crea un uomo muscoloso di pelle media, 30 anni, peso 85kg, altezza 182cm.",50,50,50,80,80,80,30,85,182,50,0,50,0,2,0,0,0,0,0,40,50,0,0,0,0,0,0,0,0,0,0,0,0,0,0,55,40,50.0,45.0,50.0,50.0,50.0,50
"Crea una donna snella di pelle chiara, età 23, peso 58kg, altezza 165cm.",0,0,100,0,0,40,23,58,165,50,50,50,0,0,0,0,0,0,0,40,50,0,0,0,0,0,0,0,0,0,0,0,0,0,0,50,30,40.0,40.0,40.0,50.0,50.0,50
"Crea una persona adulta di genere neutro robusta di pelle scura, 37 anni, peso 100kg, altezza 185cm.",100,0,0,0,0,30,37,100,185,50,0,50,0,1,0,0,0,0,0,40,50,0,0,0,0,0,0,0,0,0,0,0,0,0,0,60,40,50.0,45.0,50.0,50.0,50.0,50
"Crea un uomo snello di pelle chiara, 28 anni, peso 67kg, altezza 177cm.",0,0,100,0,0,40,28,67,177,50,0,50,0,2,0,0,0,0,0,40,50,0,0,0,0,0,0,0,0,0,0,0,0,0,0,50,40,50.0,40.0,50.0,50.0,50.0,50
"Crea una donna atletica di pelle media, età 35, peso 68kg, altezza 172cm.",50,50,50,60,60,60,35,68,172,50,50,50,0,0,0,0,0,0,0,40,50,0,0,0,0,0,0,0,0,0,0,0,0,0,0,50,30,40.0,40.0,40.0,50.0,50.0,50
"Crea una persona giovane di genere neutro muscolosa di pelle scura, 26 anni, peso 80kg, altezza 178cm.",100,0,0,80,80,80,26,80,178,50,0,50,0,1,0,0,0,0,0,40,50,0,0,0,0,0,0,0,0,0,0,0,0,0,0,55,40,50.0,45.0,50.0,50.0,50.0,50
"Crea una donna muscolosa di pelle chiara, 29 anni, peso 72kg, altezza 168cm.",0,0,100,70,70,70,29,72,168,50,50,50,0,0,0,0,0,0,0,40,50,0,0,0,0,0,0,0,0,0,0,0,0,0,0,50,30,40.0,40.0,40.0,50.0,50.0,50
"Crea una persona adulta di genere neutro snella di pelle scura, età 36, peso 66kg, altezza 172cm.",100,0,0,0,0,40,36,66,172,50,0,50,0,1,0,0,0,0,0,40,50,0,0,0,0,0,0,0,0,0,0,0,0,0,0,50,40,50.0,40.0,50.0,50.0,50.0,50
"Crea un uomo muscoloso di pelle chiara, 34 anni, peso 86kg, altezza 183cm.",0,0,100,80,80,80,34,86,183,50,0,50,0,2,0,0,0,0,0,40,50,0,0,0,0,0,0,0,0,0,0,0,0,0,0,55,40,50.0,45.0,50.0,50.0,50.0,50
"Genera un uomo robusto di pelle chiara, anni 50, peso 105kg, altezza 185cm.",0,0,100,0,0,30,50,105,185,50,0,50,0,2,0,0,0,0,0,40,50,0,0,0,0,0,0,0,0,0,0,0,0,0,0,60,40,50.0,45.0,50.0,50.0,50.0,50
"Crea una donna giovane con pelle media, vita proporzionata, anni 27, peso 62kg, altezza 166cm.",50,50,50,0,0,40,27,62,166,50,50,50,0,0,0,0,0,0,0,40,50,0,0,0,0,0,0,0,0,0,0,0,0,0,0,50,30,40.0,40.0,40.0,50.0,50.0,50
"Genera una persona di genere neutro con pelle scura, corpo atletico, anni 32, peso 78kg, altezza 178cm.",100,0,0,60,60,60,32,78,178,50,0,50,0,1,0,0,0,0,0,40,50,0,0,0,0,0,0,0,0,0,0,0,0,0,0,50,40,50.0,40.0,50.0,50.0,50.0,50
"Crea un uomo adulto con pelle media, corporatura muscolosa, anni 38, peso 90kg, altezza 183cm.",50,50,50,80,80,80,38,90,183,50,0,50,0,2,0,0,0,0,0,40,50,0,0,0,0,0,0,0,0,0,0,0,0,0,0,55,40,50.0,45.0,50.0,50.0,50.0,50
"Genera una donna adulta con pelle chiara, corpo atletico e vita proporzionata, anni 33, peso 67kg, altezza 171cm.",0,0,100,60,60,60,33,67,171,50,50,50,0,0,0,0,0,0,0,40,50,0,0,0,0,0,0,0,0,0,0,0,0,0,0,50,30,40.0,40.0,40.0,50.0,50.0,50
"Crea una persona giovane con pelle media, corpo snello e busto proporzionato, anni 24, peso 66kg, altezza 169cm.",50,50,50,0,0,40,24,66,169,50,0,50,0,1,0,0,0,0,0,40,50,0,0,0,0,0,0,0,0,0,0,0,0,0,0,50,40,50.0,40.0,50.0,50.0,50.0,50
"Genera un uomo giovane con pelle scura, muscolatura scolpita, anni 29, peso 82kg, altezza 183cm.",100,0,0,90,90,90,29,82,183,50,0,50,0,2,0,0,0,0,0,40,50,0,0,0,0,0,0,0,0,0,0,0,0,0,0,55,40,50.0,45.0,50.0,50.0,50.0,50
"Crea una donna giovane con pelle abbronzata, vita snella, anni 25, peso 58kg, altezza 164cm.",70,0,30,0,0,40,25,58,164,50,50,50,0,0,0,0,0,0,0,40,50,0,0,0,0,0,0,0,0,0,0,0,0,0,0,50,30,40.0,40.0,40.0,50.0,50.0,50
"Genera una persona di genere neutro robusta di pelle chiara, anni 35, peso 90kg, altezza 177cm.",0,0,100,0,0,30,35,90,177,50,0,50,0,1,0,0,0,0,0,40,50,0,0,0,0,0,0,0,0,0,0,0,0,0,0,50,40,50.0,40.0,50.0,50.0,50.0,50
"Crea un uomo adulto con pelle scura, busto muscoloso, anni 42, peso 92kg, altezza 186cm.",100,0,0,80,80,80,42,92,186,50,0,50,0,2,0,0,0,0,0,40,50,0,0,0,0,0,0,0,0,0,0,0,0,0,0,60,40,50.0,45.0,50.0,50.0,50.0,50
"Genera una donna adulta con pelle media, corpo proporzionato, anni 37, peso 70kg, altezza 168cm.",50,50,50,0,0,50,37,70,168,50,50,50,0,0,0,0,0,0,0,40,50,0,0,0,0,0,0,0,0,0,0,0,0,0,0,50,30,40.0,40.0,40.0,50.0,50.0,50
"Genera un uomo asiatico robusto di 47 anni, peso 100kg, altezza 180cm.",0,100,0,0,0,30,47,100,180,50,0,50,0,2,0,0,0,0,0,40,50,0,0,0,0,0,0,0,0,0,0,0,0,0,0,60,40,50.0,45.0,50.0,50.0,50.0,50
"Crea una donna asiatica snella di 26 anni, peso 55kg, altezza 160cm.",0,100,0,0,0,40,26,55,160,50,50,50,0,0,0,0,0,0,0,40,50,0,0,0,0,0,0,0,0,0,0,0,0,0,0,50,30,40.0,40.0,40.0,50.0,50.0,50
"Genera una persona di genere neutro asiatica, corpo atletico, anni 30, peso 72kg, altezza 170cm.",0,100,0,60,60,60,30,72,170,50,0,50,0,1,0,0,0,0,0,40,50,0,0,0,0,0,0,0,0,0,0,0,0,0,0,50,40,50.0,40.0,50.0,50.0,50.0,50
"Crea un uomo asiatico adulto, muscolatura scolpita, anni 35, peso 85kg, altezza 175cm.",0,100,0,90,90,90,35,85,175,50,0,50,0,2,0,0,0,0,0,40,50,0,0,0,0,0,0,0,0,0,0,0,0,0,0,55,40,50.0,45.0,50.0,50.0,50.0,50
"Genera una donna asiatica adulta, vita proporzionata, anni 33, peso 64kg, altezza 168cm.",0,100,0,0,0,50,33,64,168,50,50,50,0,0,0,0,0,0,0,40,50,0,0,0,0,0,0,0,0,0,0,0,0,0,0,50,30,40.0,40.0,40.0,50.0,50.0,50
"Crea una persona asiatica giovane, corpo snello e busto proporzionato, anni 23, peso 60kg, altezza 165cm.",0,100,0,0,0,40,23,60,165,50,0,50,0,1,0,0,0,0,0,40,50,0,0,0,0,0,0,0,0,0,0,0,0,0,0,50,40,50.0,40.0,50.0,50.0,50.0,50
"Genera un uomo asiatico adulto, busto muscoloso, anni 41, peso 92kg, altezza 185cm.",0,100,0,80,80,80,41,92,185,50,0,50,0,2,0,0,0,0,0,40,50,0,0,0,0,0,0,0,0,0,0,0,0,0,0,60,40,50.0,45.0,50.0,50.0,50.0,50
"Crea una donna asiatica giovane, vita snella, anni 24, peso 56kg, altezza 162cm.",0,100,0,0,0,40,24,56,162,50,50,50,0,0,0,0,0,0,0,40,50,0,0,0,0,0,0,0,0,0,0,0,0,0,0,50,30,40.0,40.0,40.0,50.0,50.0,50
"Genera una persona asiatica robusta di genere neutro, anni 37, peso 88kg, altezza 175cm.",0,100,0,0,0,30,37,88,175,50,0,50,0,1,0,0,0,0,0,40,50,0,0,0,0,0,0,0,0,0,0,0,0,0,0,50,40,50.0,40.0,50.0,50.0,50.0,50
"Crea un uomo asiatico giovane, corpo atletico e muscolatura scolpita, anni 27, peso 78kg, altezza 180cm.",0,100,0,60,60,60,27,78,180,50,0,50,0,2,0,0,0,0,0,40,50,0,0,0,0,0,0,0,0,0,0,0,0,0,0,55,40,50.0,45.0,50.0,50.0,50.0,50
"Genera una donna slanciata con pelle olivastra, età 31, peso 62kg, altezza 170cm.",50,50,40,0,0,40,31,62,170,50,50,50,0,0,0,0,0,0,0,40,50,0,0,0,0,0,0,0,0,0,0,0,0,0,0,50,30,40.0,40.0,40.0,50.0,50.0,50
"Crea un giovane uomo atletico di pelle scura, anni 27, peso 78kg, altezza 181cm.",100,0,0,60,60,60,27,78,181,50,0,50,0,2,0,0,0,0,0,40,50,0,0,0,0,0,0,0,0,0,0,0,0,0,0,55,40,50.0,45.0,50.0,50.0,50.0,50
"Crea una donna formosa con carnagione media, età 34, peso 88kg, altezza 172cm.",50,50,50,40,50,65,34,88,172,50,50,50,0,0,0,0,0,0,0,40,50,0,0,0,0,0,0,0,0,0,0,0,0,0,0,50,30,40.0,40.0,40.0,50.0,50.0,50
"Genera una persona magra con pelle chiara, di 22 anni, peso 55kg, altezza 162cm.",0,0,100,0,0,40,22,55,162,50,0,50,0,1,0,0,0,0,0,40,50,0,0,0,0,0,0,0,0,0,0,0,0,0,0,50,40,50.0,40.0,50.0,50.0,50.0,50
"Crea un uomo possente con carnagione scura, età 42, peso 102kg, altezza 186cm.",100,0,0,80,80,80,42,102,186,50,0,50,0,2,0,0,0,0,0,40,50,0,0,0,0,0,0,0,0,0,0,0,0,0,0,60,40,50.0,45.0,50.0,50.0,50.0,50
"Genera una giovane donna con corporatura snella, pelle chiara, età 24, peso 60kg, altezza 165cm.",0,0,100,0,0,40,24,60,165,50,50,50,0,0,0,0,0,0,0,40,50,0,0,0,0,0,0,0,0,0,0,0,0,0,0,50,30,40.0,40.0,40.0,50.0,50.0,50
"Crea una persona neutrale con colore della pelle chiara e muscoli scolpiti, anni 33, peso 76kg, altezza 177cm.",0,0,100,90,90,90,33,76,177,50,0,50,0,1,0,0,0,0,0,40,50,0,0,0,0,0,0,0,0,0,0,0,0,0,0,55,40,50.0,45.0,50.0,50.0,50.0,50
"Genera un uomo adulto muscoloso con pelle chiara, età 35, peso 85kg, altezza 182cm.",0,0,100,80,80,80,35,85,182,50,0,50,0,2,0,0,0,0,0,40,50,0,0,0,0,0,0,0,0,0,0,0,0,0,0,55,40,50.0,45.0,50.0,50.0,50.0,50
"Genera una donna robusta di pelle olivastra, età 40, peso 90kg, altezza 172cm.",50,50,100,0,0,30,40,90,172,50,50,50,0,0,0,0,0,0,0,40,50,0,0,0,0,0,0,0,0,0,0,0,0,0,0,50,30,40.0,40.0,40.0,50.0,50.0,50
"Crea un uomo adulto con colore della pelle chiaro, corporatura massiccia, età 45, peso 98kg, altezza 185cm.",0,0,100,80,80,80,45,98,185,50,0,50,0,2,0,0,0,0,0,40,50,0,0,0,0,0,0,0,0,0,0,0,0,0,0,60,40,50.0,45.0,50.0,50.0,50.0,50
"Genera una giovane donna con colore della pelle scura, corporatura minuta, età 23, peso 54kg, altezza 162cm.",100,0,0,0,0,40,23,54,162,50,50,50,0,0,0,0,0,0,0,40,50,0,0,0,0,0,0,0,0,0,0,0,0,0,0,50,30,40.0,40.0,40.0,50.0,50.0,50
"Genera una persona neutrale con carnagione scura, fisico slanciato, età 29, peso 67kg, altezza 170cm.",100,0,0,0,0,40,29,67,170,50,0,50,0,1,0,0,0,0,0,40,50,0,0,0,0,0,0,0,0,0,0,0,0,0,0,50,40,50.0,40.0,50.0,50.0,50.0,50
"Crea un uomo snello con pelle media, età 33, peso 72kg, altezza 175cm.",50,50,50,0,0,40,33,72,175,50,0,50,0,2,0,0,0,0,0,40,50,0,0,0,0,0,0,0,0,0,0,0,0,0,0,50,40,50.0,40.0,50.0,50.0,50.0,50
"Genera una donna atletica con colore della pelle chiaro, anni 31, peso 68kg, altezza 172cm.",0,0,100,60,60,60,31,68,172,50,50,50,0,0,0,0,0,0,0,40,50,0,0,0,0,0,0,0,0,0,0,0,0,0,0,50,30,40.0,40.0,40.0,50.0,50.0,50
"Genera una persona giovane di carnagione chiara, corporatura proporzionata, età 26, peso 65kg, altezza 168cm.",0,0,100,0,0,50,26,65,168,50,0,50,0,1,0,0,0,0,0,40,50,0,0,0,0,0,0,0,0,0,0,0,0,0,0,50,40,50.0,40.0,50.0,50.0,50.0,50
"Crea una donna muscolosa con pelle media, anni 29, peso 74kg, altezza 170cm.",50,50,50,70,70,70,29,74,170,50,50,50,0,0,0,0,0,0,0,40,50,0,0,0,0,0,0,0,0,0,0,0,0,0,0,50,30,40.0,40.0,40.0,50.0,50.0,50
"Crea un uomo di mezza età con pelle chiara, corpo massiccio, età 50, peso 104kg, altezza 187cm.",0,0,100,80,80,80,50,104,187,50,0,50,0,2,0,0,0,0,0,40,50,0,0,0,0,0,0,0,0,0,0,0,0,0,0,60,40,50.0,45.0,50.0,50.0,50.0,50
"Genera una persona neutrale con carnagione chiara, fisico atletico, anni 32, peso 76kg, altezza 175cm.",0,0,100,60,60,60,32,76,175,50,0,50,0,1,0,0,0,0,0,40,50,0,0,0,0,0,0,0,0,0,0,0,0,0,0,55,40,50.0,45.0,50.0,50.0,50.0,50
"Crea un uomo adulto con colore della pelle chiaro, corporatura possente, età 45, peso 98kg, altezza 185cm.",0,0,95,80,80,80,45,98,185,50,0,50,0,2,0,0,0,0,0,40,50,0,0,0,0,0,0,0,0,0,0,0,0,0,0,60,40,50.0,45.0,50.0,50.0,50.0,50
"Genera una giovane donna di carnagione scura, corporatura snella, età 23, peso 54kg, altezza 162cm.",100,0,0,0,0,40,23,54,162,50,50,50,0,0,0,0,0,0,0,40,50,0,0,0,0,0,0,0,0,0,0,0,0,0,0,50,30,40.0,40.0,40.0,50.0,50.0,50
"Crea una persona di genere neutrale con carnagione scura, fisico slanciato, età 29, peso 67kg, altezza 170cm.",100,0,0,0,0,40,29,67,170,50,0,50,0,1,0,0,0,0,0,40,50,0,0,0,0,0,0,0,0,0,0,0,0,0,0,50,40,50.0,40.0,50.0,50.0,50.0,50
"Crea un uomo snello con colore della pelle bilanciato, età 33, peso 72kg, altezza 175cm.",50,50,50,0,0,40,33,72,175,50,0,50,0,2,0,0,0,0,0,40,50,0,0,0,0,0,0,0,0,0,0,0,0,0,0,50,40,50.0,40.0,50.0,50.0,50.0,50
"Genera una donna atletica con colore della pelle chiaro, anni 31, peso 68kg, altezza 172cm.",0,0,100,60,60,60,31,68,172,50,50,50,0,0,0,0,0,0,0,40,50,0,0,0,0,0,0,0,0,0,0,0,0,0,0,50,30,40.0,40.0,40.0,50.0,50.0,50
"Genera una persona giovane di carnagione chiara, corporatura proporzionata, età 26, peso 65kg, altezza 168cm.",0,0,100,0,0,40,26,65,168,50,0,50,0,1,0,0,0,0,0,40,50,0,0,0,0,0,0,0,0,0,0,0,0,0,0,50,40,50.0,40.0,50.0,50.0,50.0,50
"Crea una donna muscolosa con carnagione chiara, anni 29, peso 74kg, altezza 170cm.",0,0,100,70,70,70,29,74,170,50,50,50,0,0,0,0,0,0,0,40,50,0,0,0,0,0,0,0,0,0,0,0,0,0,0,50,30,40.0,40.0,40.0,50.0,50.0,50
"Genera un uomo di mezza età con pelle chiara, corpo massiccio, età 50, peso 104kg, altezza 187cm.",0,0,100,80,80,80,50,104,187,50,0,50,0,2,0,0,0,0,0,40,50,0,0,0,0,0,0,0,0,0,0,0,0,0,0,60,40,50.0,45.0,50.0,50.0,50.0,50
"Crea una persona neutrale con carnagione bilanciata, fisico atletico, anni 32, peso 76kg, altezza 175cm.",50,50,50,60,60,60,32,76,175,50,0,50,0,1,0,0,0,0,0,40,50,0,0,0,0,0,0,0,0,0,0,0,0,0,0,55,40,50.0,45.0,50.0,50.0,50.0,50
"Crea un uomo adulto con carnagione chiara, corporatura robusta, età 48, peso 95kg, altezza 183cm.",0,0,100,0,0,30,48,95,183,50,0,50,0,2,0,0,0,0,0,40,50,0,0,0,0,0,0,0,0,0,0,0,0,0,0,60,40,50.0,45.0,50.0,50.0,50.0,50
"Genera una giovane donna con carnagione media, fisico slanciato, età 25, peso 58kg, altezza 164cm.",50,50,40,0,0,40,25,58,164,50,50,50,0,0,0,0,0,0,0,40,50,0,0,0,0,0,0,0,0,0,0,0,0,0,0,50,30,40.0,40.0,40.0,50.0,50.0,50
"Crea una persona di genere neutro con carnagione scura, corporatura snella, età 30, peso 65kg, altezza 170cm.",100,0,40,0,0,40,30,65,170,50,0,50,0,1,0,0,0,0,0,40,50,0,0,0,0,0,0,0,0,0,0,0,0,0,0,50,40,50.0,40.0,50.0,50.0,50.0,50
"Crea un uomo giovane con carnagione olivastra, muscolatura scolpita, età 27, peso 82kg, altezza 180cm.",50,50,75,90,90,90,27,82,180,50,0,50,0,2,0,0,0,0,0,40,50,0,0,0,0,0,0,0,0,0,0,0,0,0,0,55,40,50.0,45.0,50.0,50.0,50.0,50
"Genera una donna atletica con carnagione chiara, età 34, peso 70kg, altezza 170cm.",0,0,100,60,60,60,34,70,170,50,50,50,0,0,0,0,0,0,0,40,50,0,0,0,0,0,0,0,0,0,0,0,0,0,0,50,30,40.0,40.0,40.0,50.0,50.0,50
"Crea un uomo robusto con carnagione scura, età 50, peso 105kg, altezza 185cm.",100,0,0,0,0,30,50,105,185,50,0,50,0,2,0,0,0,0,0,40,50,0,0,0,0,0,0,0,0,0,0,0,0,0,0,60,40,50.0,45.0,50.0,50.0,50.0,50
"Crea una persona giovane con carnagione chiara, fisico atletico, età 28, peso 64kg, altezza 167cm.",0,0,100,60,60,60,28,64,167,50,50,50,0,1,0,0,0,0,0,40,50,0,0,0,0,0,0,0,0,0,0,0,0,0,0,50,40,50.0,40.0,50.0,50.0,50.0,50
"Genera una persona magra con pelle chiara, età 21, peso 53kg, altezza 160cm.",0,0,100,0,0,40,21,53,160,50,0,50,0,1,0,0,0,0,0,40,50,0,0,0,0,0,0,0,0,0,0,0,0,0,0,50,40,50.0,40.0,50.0,50.0,50.0,50
"Crea un uomo atletico con pelle chiara, età 29, peso 78kg, altezza 180cm.",0,0,100,60,60,60,29,78,180,50,0,50,0,2,0,0,0,0,0,40,50,0,0,0,0,0,0,0,0,0,0,0,0,0,0,55,40,50.0,45.0,50.0,50.0,50.0,50
"Genera una giovane donna con corpo snodato, pelle chiara, età 25, peso 58kg, altezza 167cm.",0,0,100,0,0,40,25,58,167,50,50,50,0,0,0,0,0,0,0,40,50,0,0,0,0,0,0,0,0,0,0,0,0,0,0,50,30,40.0,40.0,40.0,50.0,50.0,50
"Crea una persona neutrale con pelle media e muscoli scolpiti, età 34, peso 80kg, altezza 178cm.",50,50,50,90,90,90,34,80,178,50,0,50,0,1,0,0,0,0,0,40,50,0,0,0,0,0,0,0,0,0,0,0,0,0,0,55,40,50.0,45.0,50.0,50.0,50.0,50
"Genera un uomo muscoloso con pelle chiara, età 38, peso 90kg, altezza 185cm.",0,0,100,80,80,80,38,90,185,50,0,50,0,2,0,0,0,0,0,40,50,0,0,0,0,0,0,0,0,0,0,0,0,0,0,55,40,50.0,45.0,50.0,50.0,50.0,50
"Crea una donna formosa con pelle scura, età 40, peso 92kg, altezza 170cm.",100,0,0,40,50,65,40,92,170,50,50,50,0,0,0,0,0,0,0,40,50,0,0,0,0,0,0,0,0,0,0,0,0,0,0,50,30,40.0,40.0,40.0,50.0,50.0,50
"Genera una persona magra con pelle chiara, età 23, peso 56kg, altezza 163cm.",0,0,100,0,0,40,23,56,163,50,0,50,0,1,0,0,0,0,0,40,50,0,0,0,0,0,0,0,0,0,0,0,0,0,0,50,40,50.0,40.0,50.0,50.0,50.0,50
"Crea un uomo massiccio con pelle scura, età 40, peso 100kg, altezza 190cm.",100,0,0,80,80,80,40,100,190,50,0,50,0,2,0,0,0,0,0,40,50,0,0,0,0,0,0,0,0,0,0,0,0,0,0,60,40,50.0,45.0,50.0,50.0,50.0,50
"Genera una giovane donna con fisico atletico, pelle chiara, età 27, peso 65kg, altezza 168cm.",0,0,100,60,60,60,27,65,168,50,50,50,0,0,0,0,0,0,0,40,50,0,0,0,0,0,0,0,0,0,0,0,0,0,0,50,30,40.0,40.0,40.0,50.0,50.0,50
"Crea una persona neutrale con colore della pelle scuro e muscoli scolpiti, età 32, peso 79kg, altezza 179cm.",100,0,0,90,90,90,32,79,179,50,0,50,0,1,0,0,0,0,0,40,50,0,0,0,0,0,0,0,0,0,0,0,0,0,0,55,40,50.0,45.0,50.0,50.0,50.0,50
"Crea una persona con muscolatura scolpita e pelle chiara, età 30, peso 85kg, altezza 180cm.",0,0,100,90,90,90,30,85,180,50,50,50,0,0,0,0,0,0,0,40,50,0,0,0,0,0,0,0,0,0,0,0,0,0,0,55,40,50.0,45.0,50.0,50.0,50.0,50
"Genera una persona con muscoli scolpiti, pelle scura, età 34, peso 92kg, altezza 185cm.",100,0,0,90,90,90,34,92,185,50,50,50,0,0,0,0,0,0,0,40,50,0,0,0,0,0,0,0,0,0,0,0,0,0,0,60,40,50.0,45.0,50.0,50.0,50.0,50
"Crea un uomo muscoloso con muscolatura scolpita, pelle media, età 28, peso 82kg, altezza 178cm.",50,50,50,90,90,90,28,82,178,50,50,50,0,0,0,0,0,0,0,40,50,0,0,0,0,0,0,0,0,0,0,0,0,0,0,55,40,50.0,45.0,50.0,50.0,50.0,50
"Genera una persona con fisico scolpito e muscoli definiti, pelle chiara, età 32, peso 90kg, altezza 180cm.",0,0,100,90,90,90,32,90,180,50,50,50,0,0,0,0,0,0,0,40,50,0,0,0,0,0,0,0,0,0,0,0,0,0,0,60,40,50.0,45.0,50.0,50.0,50.0,50
"Crea una persona con muscolatura scolpita, pelle scura, età 36, peso 95kg, altezza 188cm.",100,0,0,90,90,90,36,95,188,50,50,50,0,0,0,0,0,0,0,40,50,0,0,0,0,0,0,0,0,0,0,0,0,0,0,60,40,50.0,45.0,50.0,50.0,50.0,50
"Genera una persona con fisico muscoloso e muscoli scolpiti, pelle chiara, età 31, peso 87kg, altezza 182cm.",0,0,100,90,90,90,31,87,182,50,50,50,0,0,0,0,0,0,0,40,50,0,0,0,0,0,0,0,0,0,0,0,0,0,0,60,40,50.0,45.0,50.0,50.0,50.0,50
"Crea un uomo con muscolatura scolpita e fisico tonico, pelle media, età 29, peso 80kg, altezza 177cm.",50,50,50,90,90,90,29,80,177,50,50,50,0,0,0,0,0,0,0,40,50,0,0,0,0,0,0,0,0,0,0,0,0,0,0,55,40,50.0,45.0,50.0,50.0,50.0,50
"Genera una persona con fisico scolpito e muscoli definiti, pelle scura, età 33, peso 90kg, altezza 183cm.",100,0,0,90,90,90,33,90,183,50,50,50,0,0,0,0,0,0,0,40,50,0,0,0,0,0,0,0,0,0,0,0,0,0,0,60,40,50.0,45.0,50.0,50.0,50.0,50
"Crea una persona con muscolatura scolpita e fisico tonico, pelle chiara, età 30, peso 84kg, altezza 181cm.",0,0,100,90,90,90,30,84,181,50,50,50,0,0,0,0,0,0,0,40,50,0,0,0,0,0,0,0,0,0,0,0,0,0,0,55,40,50.0,45.0,50.0,50.0,50.0,50
"Genera una persona con muscoli scolpiti e fisico snodato, pelle media, età 32, peso 85kg, altezza 179cm.",50,50,50,90,90,90,32,85,179,50,50,50,0,0,0,0,0,0,0,40,50,0,0,0,0,0,0,0,0,0,0,0,0,0,0,60,40,50.0,45.0,50.0,50.0,50.0,50
"Crea una persona neutrale con colore della pelle scuro e muscoli scolpiti, età 32, peso 79kg, altezza 179cm.",100,0,0,90,90,90,32,79,179,50,0,50,0,1,0,0,0,0,0,40,50,0,0,0,0,0,0,0,0,0,0,0,0,0,0,55,40,50.0,45.0,50.0,50.0,50.0,50
"Crea una persona con muscolatura scolpita e pelle chiara, età 30, peso 85kg, altezza 180cm.",0,0,100,90,90,90,30,85,180,50,50,50,0,0,0,0,0,0,0,40,50,0,0,0,0,0,0,0,0,0,0,0,0,0,0,55,40,50.0,45.0,50.0,50.0,50.0,50
"Genera una persona con muscoli scolpiti, pelle scura, età 34, peso 92kg, altezza 185cm.",100,0,0,90,90,90,34,92,185,50,50,50,0,0,0,0,0,0,0,40,50,0,0,0,0,0,0,0,0,0,0,0,0,0,0,60,40,50.0,45.0,50.0,50.0,50.0,50
"Crea un uomo muscoloso con muscolatura scolpita, pelle media, età 28, peso 82kg, altezza 178cm.",50,50,50,90,90,90,28,82,178,50,50,50,0,0,0,0,0,0,0,40,50,0,0,0,0,0,0,0,0,0,0,0,0,0,0,55,40,50.0,45.0,50.0,50.0,50.0,50
"Genera una persona con fisico scolpito e muscoli definiti, pelle chiara, età 32, peso 90kg, altezza 180cm.",0,0,100,90,90,90,32,90,180,50,50,50,0,0,0,0,0,0,0,40,50,0,0,0,0,0,0,0,0,0,0,0,0,0,0,60,40,50.0,45.0,50.0,50.0,50.0,50
"Crea una persona con muscolatura scolpita, pelle scura, età 36, peso 95kg, altezza 188cm.",100,0,0,90,90,90,36,95,188,50,50,50,0,0,0,0,0,0,0,40,50,0,0,0,0,0,0,0,0,0,0,0,0,0,0,60,40,50.0,45.0,50.0,50.0,50.0,50
"Genera una persona con fisico muscoloso e muscoli scolpiti, pelle chiara, età 31, peso 87kg, altezza 182cm.",0,0,100,90,90,90,31,87,182,50,50,50,0,0,0,0,0,0,0,40,50,0,0,0,0,0,0,0,0,0,0,0,0,0,0,60,40,50.0,45.0,50.0,50.0,50.0,50
"Crea un uomo con muscolatura scolpita e fisico tonico, pelle media, età 29, peso 80kg, altezza 177cm.",50,50,50,90,90,90,29,80,177,50,50,50,0,0,0,0,0,0,0,40,50,0,0,0,0,0,0,0,0,0,0,0,0,0,0,55,40,50.0,45.0,50.0,50.0,50.0,50
"Genera una persona con fisico scolpito e muscoli definiti, pelle scura, età 33, peso 90kg, altezza 183cm.",100,0,0,90,90,90,33,90,183,50,50,50,0,0,0,0,0,0,0,40,50,0,0,0,0,0,0,0,0,0,0,0,0,0,0,60,40,50.0,45.0,50.0,50.0,50.0,50
"Crea una persona con muscolatura scolpita e fisico tonico, pelle chiara, età 30, peso 84kg, altezza 181cm.",0,0,100,90,90,90,30,84,181,50,50,50,0,0,0,0,0,0,0,40,50,0,0,0,0,0,0,0,0,0,0,0,0,0,0,55,40,50.0,45.0,50.0,50.0,50.0,50
"Genera una persona con muscoli scolpiti e fisico snodato, pelle media, età 32, peso 85kg, altezza 179cm.",50,50,50,90,90,90,32,85,179,50,50,50,0,0,0,0,0,0,0,40,50,0,0,0,0,0,0,0,0,0,0,0,0,0,0,60,40,50.0,45.0,50.0,50.0,50.0,50
"Crea una persona con fisico snodato e muscolatura scolpita, pelle asiatica chiara, età 27, peso 74kg, altezza 174cm.",0,100,0,90,90,90,27,74,174,50,50,50,0,0,0,0,0,0,0,40,50,0,0,0,0,0,0,0,0,0,0,0,0,0,0,55,40,50.0,45.0,50.0,50.0,50.0,50
"Genera un uomo asiatico con muscoli scolpiti, età 35, peso 88kg, altezza 180cm.",0,100,0,90,90,90,35,88,180,50,50,50,0,0,0,0,0,0,0,40,50,0,0,0,0,0,0,0,0,0,0,0,0,0,0,55,40,50.0,45.0,50.0,50.0,50.0,50
"Crea una persona asiatica con fisico scolpito, pelle chiara, età 29, peso 80kg, altezza 177cm.",0,0,100,90,90,90,29,80,177,50,50,50,0,0,0,0,0,0,0,40,50,0,0,0,0,0,0,0,0,0,0,0,0,0,0,55,40,50.0,45.0,50.0,50.0,50.0,50
"Genera una persona asiatica con colore della pelle scura con fisico scolpito, età 34, peso 90kg, altezza 182cm.",50,100,0,90,90,90,34,90,182,50,50,50,0,0,0,0,0,0,0,40,50,0,0,0,0,0,0,0,0,0,0,0,0,0,0,60,40,50.0,45.0,50.0,50.0,50.0,50
"Genera una persona asiatica con colore della pelle scura con fisico scolpito, età 36, peso 92kg, altezza 185cm.",50,100,0,90,90,90,36,92,185,50,50,50,0,0,0,0,0,0,0,40,50,0,0,0,0,0,0,0,0,0,0,0,0,0,0,60,40,50.0,45.0,50.0,50.0,50.0,50
"Genera una persona asiatica con fisico scolpito, pelle scura, età 33, peso 88kg, altezza 180cm.",50,100,0,90,90,90,33,88,180,50,50,50,0,0,0,0,0,0,0,40,50,0,0,0,0,0,0,0,0,0,0,0,0,0,0,60,40,50.0,45.0,50.0,50.0,50.0,50
"Genera una persona asiatica con muscolatura scolpita, pelle scura, età 31, peso 85kg, altezza 178cm.",50,100,0,90,90,90,31,85,178,50,50,50,0,0,0,0,0,0,0,40,50,0,0,0,0,0,0,0,0,0,0,0,0,0,0,60,40,50.0,45.0,50.0,50.0,50.0,50
"Genera una persona asiatica con fisico tonico e muscolatura scolpita, pelle scura, età 35, peso 90kg, altezza 183cm.",50,100,0,90,90,90,35,90,183,50,50,50,0,0,0,0,0,0,0,40,50,0,0,0,0,0,0,0,0,0,0,0,0,0,0,60,40,50.0,45.0,50.0,50.0,50.0,50
"Genera una persona asiatica con muscoli definiti e fisico scolpito, pelle scura, età 30, peso 83kg, altezza 179cm.",50,100,0,90,90,90,30,83,179,50,50,50,0,0,0,0,0,0,0,40,50,0,0,0,0,0,0,0,0,0,0,0,0,0,0,60,40,50.0,45.0,50.0,50.0,50.0,50
"Genera una persona asiatica con fisico muscoloso e muscoli scolpiti, pelle scura, età 32, peso 91kg, altezza 184cm.",50,100,0,90,90,90,32,91,184,50,50,50,0,0,0,0,0,0,0,40,50,0,0,0,0,0,0,0,0,0,0,0,0,0,0,60,40,50.0,45.0,50.0,50.0,50.0,50
"Genera una persona asiatica con fisico scolpito e muscoli definiti, pelle scura, età 34, peso 90kg, altezza 181cm.",50,100,0,90,90,90,34,90,181,50,50,50,0,0,0,0,0,0,0,40,50,0,0,0,0,0,0,0,0,0,0,0,0,0,0,60,40,50.0,45.0,50.0,50.0,50.0,50
"Genera una persona asiatica con muscolatura scolpita, pelle scura, età 29, peso 82kg, altezza 177cm.",50,100,0,90,90,90,29,82,177,50,50,50,0,0,0,0,0,0,0,40,50,0,0,0,0,0,0,0,0,0,0,0,0,0,0,60,40,50.0,45.0,50.0,50.0,50.0,50
"Genera una persona asiatica con fisico tonico e muscolatura scolpita, pelle scura, età 33, peso 88kg, altezza 185cm.",50,100,0,90,90,90,33,88,185,50,50,50,0,0,0,0,0,0,0,40,50,0,0,0,0,0,0,0,0,0,0,0,0,0,0,60,40,50.0,45.0,50.0,50.0,50.0,50
"Genera una persona asiatica con fisico scolpito e muscoli definiti, pelle scura, età 30, peso 84kg, altezza 180cm.",50,100,0,90,90,90,30,84,180,50,50,50,0,0,0,0,0,0,0,40,50,0,0,0,0,0,0,0,0,0,0,0,0,0,0,60,40,50.0,45.0,50.0,50.0,50.0,50
"Crea un bambino di genere neutro di carnagione chiara, età 4, peso 20kg, altezza 80cm.",0,0,100,0,0,40,4,20,80,50,0,50,0,1,0,0,0,0,0,40,50,0,0,0,0,0,0,0,0,0,0,0,0,0,0,0,0,0,0,0,50.0,50.0,50
"Genera un bambino di carnagione scura, età 1 anno, peso 7kg, altezza 60cm.",100,0,0,0,0,40,1,7,60,50,0,50,0,2,0,0,0,0,0,40,50,0,0,0,0,0,0,0,0,0,0,0,0,0,0,0,0,0,0,0,50.0,50.0,50
"Genera un bambino asiatico, età 5 anni, peso 20kg, altezza 100cm.",0,100,0,0,0,40,5,20,100,50,0,50,0,2,0,0,0,0,0,40,50,0,0,0,0,0,0,0,0,0,0,0,0,0,0,0,0,0,0,0,50.0,50.0,50
"Genera una bambina di carnagione chiara, età 6 anni, peso 20kg, altezza 110cm.",0,0,100,0,0,40,6,20,110,50,0,50,0,0,0,0,0,0,0,40,50,0,0,0,0,0,0,0,0,0,0,0,0,0,0,0,0,0,0,0,50.0,50.0,50
"Crea un bambino di genere neutro di carnagione scura, età 3 anni, peso 15kg, altezza 75cm.",100,0,0,0,0,40,3,15,75,50,0,50,0,1,0,0,0,0,0,40,50,0,0,0,0,0,0,0,0,0,0,0,0,0,0,0,0,0,0,0,50.0,50.0,50
"Genera un bambino asiatico, età 2 anni, peso 10kg, altezza 65cm.",0,100,0,0,0,40,2,10,65,50,0,50,0,2,0,0,0,0,0,40,50,0,0,0,0,0,0,0,0,0,0,0,0,0,0,0,0,0,0,0,50.0,50.0,50
"Genera una bambina caucasica, età 4 anni, peso 18kg, altezza 90cm.",0,0,100,0,0,40,4,18,90,50,0,50,0,0,0,0,0,0,0,40,50,0,0,0,0,0,0,0,0,0,0,0,0,0,0,0,0,0,0,0,50.0,50.0,50
"Genera un bambino di carnagione scura, età 7 anni, peso 22kg, altezza 120cm.",100,0,0,0,0,40,7,22,120,50,0,50,0,1,0,0,0,0,0,40,50,0,0,0,0,0,0,0,0,0,0,0,0,0,0,0,0,0,0,0,50.0,50.0,50
"Genera una bambina asiatica di età 5 anni, peso 19kg, altezza 105cm.",0,100,0,0,0,40,5,19,105,50,0,50,0,0,0,0,0,0,0,40,50,0,0,0,0,0,0,0,0,0,0,0,0,0,0,0,0,0,0,0,50.0,50.0,50
"Genera un bambino di carnagione chiara, età 2 anni, peso 12kg, altezza 70cm.",0,0,100,0,0,45,2,12,70,50,0,50,0,1,0,0,0,0,0,45,50,0,0,0,0,0,0,0,0,0,0,0,0,0,0,0,0,0,0,0,50.0,48.0,50
"Genera una bambina di carnagione scura, età 8 anni, peso 25kg, altezza 130cm.",100,0,0,0,0,40,8,25,130,50,0,50,0,0,0,0,0,0,0,38,48,0,0,0,0,0,0,0,0,0,0,0,0,0,0,0,0,0,0,0,49.0,51.0,50
"Genera un bambino asiatico, età 6 anni, peso 23kg, altezza 115cm.",0,100,0,0,0,42,6,23,115,50,0,50,0,1,0,0,0,0,0,41,52,0,0,0,0,0,0,0,0,0,0,0,0,0,0,0,0,0,0,0,52.0,52.0,50
"Genera una bambina caucasica, età 3 anni, peso 14kg, altezza 78cm.",0,0,100,0,0,38,3,14,78,50,0,50,0,0,0,0,0,0,0,39,49,0,0,0,0,0,0,0,0,0,0,0,0,0,0,0,0,0,0,0,50.0,49.0,50
"Genera un bambino di carnagione scura, età 5 anni, peso 21kg, altezza 98cm.",100,0,0,0,0,41,5,21,98,50,0,50,0,1,0,0,0,0,0,40,50,0,0,0,0,0,0,0,0,0,0,0,0,0,0,0,0,0,0,0,51.0,50.0,50
"Genera una bambina asiatica, età 9 anni, peso 30kg, altezza 140cm.",0,100,0,0,0,46,9,30,140,50,0,50,0,0,0,0,0,0,0,43,51,0,0,0,0,0,0,0,0,0,0,0,0,0,0,0,0,0,0,0,53.0,53.0,50
"Genera un bambino di carnagione chiara, età 1 anno, peso 9kg, altezza 62cm.",0,0,100,0,0,36,1,9,62,50,0,50,0,1,0,0,0,0,0,37,47,0,0,0,0,0,0,0,0,0,0,0,0,0,0,0,0,0,0,0,47.0,48.0,50
"Genera una bambina di carnagione scura, età 4 anni, peso 18kg, altezza 88cm.",100,0,0,0,0,42,4,18,88,50,0,50,0,0,0,0,0,0,0,40,50,0,0,0,0,0,0,0,0,0,0,0,0,0,0,0,0,0,0,0,50.0,50.0,50
"Genera un bambino asiatico di età 7 anni, peso 27kg, altezza 125cm.",0,100,0,0,0,44,7,27,125,50,0,50,0,1,0,0,0,0,0,41,52,0,0,0,0,0,0,0,0,0,0,0,0,0,0,0,0,0,0,0,52.0,52.0,50
"Genera una bambina caucasica di età 10 anni, peso 35kg, altezza 150cm.",0,0,100,0,0,48,10,35,150,50,0,50,0,0,0,0,0,0,0,44,54,0,0,0,0,0,0,0,0,0,0,0,0,0,0,0,0,0,0,0,55.0,56.0,50
"Genera un bambino di carnagione chiara, età 3 anni, peso 13kg, altezza 72cm.",0,0,100,0,0,39,3,13,72,50,0,50,0,1,0,0,0,0,0,38,48,0,0,0,0,0,0,0,0,0,0,0,0,0,0,0,0,0,0,0,48.0,48.0,50
"Genera una bambina asiatica, età 6 anni, peso 22kg, altezza 110cm.",0,100,0,0,0,43,6,22,110,50,0,50,0,0,0,0,0,0,0,42,51,0,0,0,0,0,0,0,0,0,0,0,0,0,0,0,0,0,0,0,52.0,51.0,50
"Genera un bambino di carnagione scura, età 4 anni, peso 17kg, altezza 85cm.",100,0,0,0,0,41,4,17,85,50,0,50,0,1,0,0,0,0,0,39,49,0,0,0,0,0,0,0,0,0,0,0,0,0,0,0,0,0,0,0,50.0,50.0,50
"Genera una bambina caucasica di età 8 anni, peso 26kg, altezza 135cm.",0,0,100,0,0,46,8,26,135,50,0,50,0,0,0,0,0,0,0,43,53,0,0,0,0,0,0,0,0,0,0,0,0,0,0,0,0,0,0,0,53.0,54.0,50
"Genera un bambino asiatico di età 9 anni, peso 28kg, altezza 128cm.",0,100,0,0,0,44,9,28,128,50,0,50,0,1,0,0,0,0,0,42,52,0,0,0,0,0,0,0,0,0,0,0,0,0,0,0,0,0,0,0,54.0,54.0,50
"Genera una bambina di carnagione chiara, età 2 anni, peso 11kg, altezza 68cm.",0,0,100,0,0,37,2,11,68,50,0,50,0,0,0,0,0,0,0,36,47,0,0,0,0,0,0,0,0,0,0,0,0,0,0,0,0,0,0,0,47.0,47.0,50
"Genera un bambino di carnagione scura di età 6 anni, peso 20kg, altezza 105cm.",100,0,0,0,0,42,6,20,105,50,0,50,0,1,0,0,0,0,0,41,51,0,0,0,0,0,0,0,0,0,0,0,0,0,0,0,0,0,0,0,52.0,51.0,50
"Genera una bambina asiatica di età 3 anni, peso 15kg, altezza 75cm.",0,100,0,0,0,40,3,15,75,50,0,50,0,0,0,0,0,0,0,40,50,0,0,0,0,0,0,0,0,0,0,0,0,0,0,0,0,0,0,0,50.0,50.0,50
"Genera un bambino caucasico, età 7 anni, peso 24kg, altezza 112cm.",0,0,100,0,0,44,7,24,112,50,0,50,0,1,0,0,0,0,0,43,52,0,0,0,0,0,0,0,0,0,0,0,0,0,0,0,0,0,0,0,52.0,52.0,50
"Genera una bambina di carnagione chiara, età 5 anni, peso 21kg, altezza 95cm.",0,0,100,0,0,41,5,21,95,50,0,50,0,0,0,0,0,0,0,41,51,0,0,0,0,0,0,0,0,0,0,0,0,0,0,0,0,0,0,0,51.0,51.0,50
"Genera un bambino di carnagione scura, età 2 anni, peso 10kg, altezza 63cm.",100,0,0,0,0,37,2,10,63,50,0,50,0,1,0,0,0,0,0,36,46,0,0,0,0,0,0,0,0,0,0,0,0,0,0,0,0,0,0,0,46.0,46.0,50
"Genera una bambina asiatica, età 4 anni, peso 17kg, altezza 87cm.",0,100,0,0,0,40,4,17,87,50,0,50,0,0,0,0,0,0,0,39,49,0,0,0,0,0,0,0,0,0,0,0,0,0,0,0,0,0,0,0,49.0,49.0,50
"Genera un bambino di carnagione chiara, età 8 anni, peso 27kg, altezza 125cm.",0,0,100,0,0,45,8,27,125,50,0,50,0,1,0,0,0,0,0,44,54,0,0,0,0,0,0,0,0,0,0,0,0,0,0,0,0,0,0,0,55.0,54.0,50
"Genera una bambina caucasica, età 6 anni, peso 22kg, altezza 108cm.",0,0,100,0,0,42,6,22,108,50,0,50,0,0,0,0,0,0,0,42,51,0,0,0,0,0,0,0,0,0,0,0,0,0,0,0,0,0,0,0,52.0,51.0,50
"Genera un bambino di carnagione scura, età 10 anni, peso 30kg, altezza 140cm.",100,0,0,0,0,48,10,30,140,50,0,50,0,1,0,0,0,0,0,46,55,0,0,0,0,0,0,0,0,0,0,0,0,0,0,0,0,0,0,0,56.0,56.0,50
"Genera una bambina asiatica di età 8 anni, peso 26kg, altezza 135cm.",0,100,0,0,0,46,8,26,135,50,0,50,0,0,0,0,0,0,0,45,53,0,0,0,0,0,0,0,0,0,0,0,0,0,0,0,0,0,0,0,54.0,53.0,50
