descrizione,age,muscle,weight,height,african,asian,caucasian,proportions,breast_size,breast_firmness,vertical_position,gender,horizontal_distance,pointiness,breast_volume,nipple_size,nipple_point,face_head_fat,face_angle,face_oval,face_round,face_rectangular,face_square,face_triangular,face_invertedtriangular,face_diamond,face_age,torso_scale_depht,torso_scale_horizontally,torso_scale_vertically,torso_move_horizontally,torso_move_depht,torso_scale_cone_shape,torso_dorsi_muscle,torso_pectoral_muscle,fingers_distance,fingers_diameter,fingers_lenght,scale_hand,hand_position,neck_circum,neck_height
"Crea una donna giovane, alta, atletica, di etnia asiatica, con proporzioni snelle, viso ovale e caratteristiche delicate.",25,30,55,175,0,100,0,70,60,80,50,0,40,60,50,30,50,30,50,50,0,0,0,0,0,0,25,60,60,80,50,50,60,50,50,50,40,80.0,70.0,50.0,40.0,60.0
"Crea un uomo adulto, di altezza media, corporatura robusta, etnia caucasica, con spalle larghe e volto squadrato.",35,80,85,170,0,0,100,60,70,50,50,2,50,30,60,30,50,40,60,0,0,0,60,0,0,0,35,70,70,60,50,50,50,60,60,50,50,50.0,60.0,70.0,40.0,50.0
"Crea una ragazza giovane, bassa, magra, etnia africana, con lineamenti delicati",20,40,45,160,100,0,0,30,50,40,60,0,50,40,30,20,40,20,30,0,0,0,0,0,0,0,20,40,50,30,40,40,30,40,30,40,30,30.0,30.0,30.0,30.0,30.0
"Crea un uomo anziano, alto, di corporatura snella, etnia asiatica, con un viso allungato",70,50,60,185,0,100,0,50,30,20,50,2,40,50,60,20,40,80,20,0,0,0,0,0,0,0,70,50,60,70,40,50,30,30,40,40,40,20.0,40.0,30.0,30.0,30.0
"Crea una donna adulta, di altezza media, corporatura normale, etnia caucasica, con proporzioni armoniose e viso ovale.",30,50,65,170,0,0,100,50,70,60,50,0,50,40,50,40,50,40,50,60,0,0,0,0,0,0,30,50,50,60,50,50,50,50,40,50,50,50.0,50.0,40.0,50.0,40.0
"Crea un ragazzo giovane, alto, muscoloso, di etnia africana, con spalle possenti e viso rettangolare.",25,90,75,190,100,0,0,70,30,80,50,2,50,40,50,30,50,20,60,0,0,60,0,0,0,0,25,60,80,70,60,60,50,50,60,60,50,50.0,60.0,60.0,60.0,60.0
"Crea una donna giovane, alta, atletica, di etnia asiatica, con proporzioni snelle, viso ovale e caratteristiche delicate.",25,40,55,175,0,100,0,70,60,80,50,0,40,60,50,30,50,30,50,0,0,0,0,0,0,0,25,60,60,80,50,50,60,50,50,50,40,80.0,70.0,50.0,40.0,60.0
"Crea un uomo adulto, di altezza media, corporatura robusta, etnia caucasica, con spalle larghe e volto squadrato.",35,80,85,170,0,0,100,60,70,50,50,2,50,30,60,30,50,40,60,0,0,0,60,0,0,0,35,70,70,60,50,50,50,60,60,50,50,50.0,60.0,70.0,40.0,50.0
"Crea una ragazza giovane, bassa, magra, etnia africana, con lineamenti delicati",20,40,45,160,100,0,0,30,50,40,60,0,50,40,30,20,40,20,30,0,0,0,0,0,0,0,20,40,50,30,40,40,30,40,30,40,30,30.0,30.0,30.0,30.0,30.0
"Crea un uomo anziano, alto, di corporatura snella, etnia asiatica, con un viso allungato",70,50,60,185,0,100,0,50,30,20,50,2,40,50,60,20,40,80,20,0,0,0,0,0,0,0,70,50,60,70,40,50,30,30,40,40,40,20.0,40.0,30.0,30.0,30.0
"Crea una donna adulta, di altezza media, corporatura normale, etnia caucasica, con proporzioni armoniose e viso ovale.",40,50,65,170,0,0,100,50,70,60,50,0,50,40,50,40,50,40,50,60,0,0,0,0,0,0,40,50,50,60,50,50,50,50,40,50,50,50.0,50.0,40.0,50.0,40.0
"Crea un ragazzo giovane, alto, muscoloso, di etnia africana, con spalle possenti e viso rettangolare.",25,90,75,190,100,0,0,70,30,80,50,2,50,40,50,30,50,20,60,0,0,60,0,0,0,0,25,60,80,70,60,60,50,50,60,60,50,50.0,60.0,60.0,60.0,60.0
"Crea una donna adulta, di corporatura snella, etnia asiatica, con un viso rotondo",40,40,60,165,0,100,0,50,60,50,50,0,50,40,40,30,40,30,60,30,40,40,0,0,0,0,40,50,60,70,50,50,60,60,50,50,50,40.0,50.0,50.0,60.0,50.0
"Crea un uomo giovane, muscoloso, di altezza media, etnia africana, con spalle larghe e viso ovale.",28,80,85,175,100,0,100,75,0,70,50,2,60,40,60,30,40,40,60,40,0,50,0,0,0,0,28,60,70,60,60,70,60,50,50,40,40,50.0,60.0,60.0,50.0,60.0
"Crea una ragazza alta, snella, di etnia caucasica, con lineamenti delicati",22,40,55,180,0,0,100,50,70,60,50,0,40,30,50,20,40,30,50,30,0,0,0,0,0,0,22,60,50,60,50,50,60,40,50,60,40,40.0,50.0,60.0,40.0,50.0
"Crea un uomo adulto, alto, muscoloso, etnia asiatica, con un viso triangolare e lineamenti forti.",38,90,95,185,0,100,0,80,80,70,60,2,50,40,50,30,50,40,50,50,0,50,0,40,0,0,38,60,70,80,60,60,70,60,50,60,40,50.0,70.0,60.0,50.0,60.0
"Crea una donna giovane, di corporatura normale, etnia africana, con un viso rotondo e un sorriso luminoso.",24,55,65,165,100,100,0,60,50,60,50,0,40,30,40,30,40,20,30,40,0,40,0,0,0,0,24,50,60,70,60,60,60,50,50,60,50,40.0,60.0,50.0,40.0,60.0
"Crea un uomo anziano, basso, corpulento, etnia caucasica, con capelli grigi e una postura un po' curvata.",70,50,75,170,0,0,100,65,60,50,40,2,40,30,50,20,30,50,50,30,0,0,0,0,0,0,70,50,50,60,50,50,50,50,40,50,50,50.0,50.0,40.0,60.0,50.0
"Crea una donna alta, snella, di etnia asiatica, con un viso triangolare",26,55,60,180,100,0,100,50,70,60,50,0,40,30,40,30,40,20,30,40,0,0,0,0,0,0,26,60,60,80,50,60,50,50,40,50,50,50.0,40.0,60.0,60.0,50.0
"Crea un ragazzo giovane, di corporatura media, etnia africana, con viso quadrato e caratteristiche muscolose.",30,70,80,180,100,0,100,70,50,60,50,2,40,30,60,20,40,60,50,30,0,0,0,0,0,0,30,70,70,60,60,60,50,50,40,50,60,50.0,60.0,50.0,40.0,50.0
"Crea una donna adulta, con altezza media, etnia caucasica, viso quadrato e corporatura snella.",35,55,70,165,0,0,100,60,70,60,40,0,40,40,60,30,50,40,50,50,0,0,0,0,0,0,35,60,50,60,50,60,60,50,40,50,50,40.0,50.0,50.0,60.0,50.0
"Crea un uomo giovane, di corporatura robusta, di etnia asiatica, con viso quadrato e capelli scuri.",26,80,85,180,0,100,0,75,80,60,50,2,60,50,50,30,40,40,60,50,0,0,0,0,0,0,26,60,70,80,60,60,60,60,50,60,50,50.0,70.0,60.0,50.0,60.0
"Crea una ragazza giovane, di corporatura magra, etnia africana, con un viso rotondo e occhi scuri.",22,45,50,160,100,0,0,40,40,30,60,0,50,40,30,30,40,20,30,40,0,0,0,0,0,0,22,50,60,70,50,50,60,50,40,50,50,40.0,40.0,50.0,60.0,50.0
"Crea un uomo adulto, muscoloso, etnia caucasica, con un viso squadrato e altezza media.",32,85,90,175,0,0,100,75,70,60,50,2,60,30,60,30,50,60,40,50,0,0,0,0,0,0,32,60,60,70,50,60,60,50,60,50,40,60.0,60.0,50.0,60.0,50.0
"Crea una donna adulta, di corporatura normale, etnia asiatica, con viso rotondo",40,50,65,165,0,100,0,50,60,50,40,0,50,30,50,20,40,30,50,40,0,40,0,0,0,0,35,50,60,70,60,50,60,60,50,50,50,40.0,50.0,60.0,50.0,40.0
"Crea un uomo giovane, di corporatura atletica, etnia africana, con un viso ovale e occhi intensi.",25,75,80,185,100,0,100,80,60,70,50,2,40,30,60,20,50,50,60,40,0,40,0,0,0,0,25,60,70,80,60,70,70,60,50,60,40,50.0,60.0,60.0,60.0,50.0
"Crea una donna alta, snella, di etnia caucasica e viso squadrato.",28,30,60,180,0,0,100,55,70,60,50,0,50,40,50,30,50,30,40,40,0,0,0,0,0,0,28,50,60,60,50,50,60,50,50,50,50,50.0,40.0,60.0,50.0,50.0
"Crea un uomo adulto, robusto, di etnia asiatica, con viso triangolare e caratteristiche forti.",45,85,95,175,0,100,0,70,80,60,60,2,50,40,60,30,50,50,50,50,0,0,0,0,0,0,45,60,70,80,60,60,70,60,50,60,40,50.0,70.0,60.0,60.0,60.0
"Crea una donna giovane, alta, atletica, etnia asiatica, con un viso ovale e caratteristiche delicate.",24,60,55,180,0,100,0,70,60,80,50,0,40,60,50,30,50,30,50,0,0,0,0,0,0,0,24,60,60,80,50,50,60,50,50,50,40,80.0,70.0,50.0,40.0,60.0
"Crea una ragazza giovane, bassa, magra, etnia africana e un viso ovale.",20,30,45,160,100,0,0,30,50,40,60,0,50,40,30,20,40,20,30,0,0,0,0,0,0,0,20,40,50,30,40,40,30,40,30,40,30,30.0,30.0,30.0,30.0,30.0
"Crea un uomo anziano, alto, di corporatura snella, etnia asiatica, con viso allungato",72,40,60,185,0,100,0,50,30,20,50,2,40,50,60,20,40,80,20,0,0,0,0,0,0,0,72,50,60,70,40,50,30,30,40,40,40,20.0,40.0,30.0,30.0,30.0
"Crea una donna adulta, di altezza media, corporatura normale, etnia caucasica, con proporzioni armoniose e viso ovale.",32,50,70,170,0,0,100,60,70,60,50,0,50,40,50,40,50,40,50,60,0,0,0,0,0,0,32,50,50,60,50,50,50,50,40,50,50,50.0,50.0,40.0,50.0,40.0
"Crea un ragazzo giovane, alto, muscoloso, etnia africana, con spalle possenti e viso rettangolare.",27,90,85,190,100,0,0,80,30,80,50,2,50,40,50,30,50,20,60,0,0,60,0,0,0,0,27,60,80,70,60,60,50,50,60,60,50,50.0,60.0,60.0,60.0,60.0
"Crea una donna giovane, alta, atletica, di etnia asiatica, con proporzioni snelle, viso ovale e caratteristiche delicate.",23,40,50,180,0,100,0,70,60,80,50,0,40,60,50,30,50,30,50,0,0,0,0,0,0,0,23,60,60,80,50,50,60,50,50,50,40,80.0,70.0,50.0,40.0,60.0
"Crea un uomo adulto, di altezza media, corporatura robusta, etnia caucasica, con spalle larghe e volto squadrato.",36,80,85,180,0,0,100,60,70,50,50,2,50,30,60,30,50,40,60,0,0,0,60,0,0,0,36,70,70,60,50,50,50,60,60,50,50,50.0,60.0,70.0,40.0,50.0
"Crea una ragazza giovane, bassa, magra, etnia africana, con lineamenti delicati",21,40,45,160,100,0,0,30,50,40,60,0,50,40,30,20,40,20,30,0,0,0,0,0,0,0,21,40,50,30,40,40,30,40,30,40,30,30.0,30.0,30.0,30.0,30.0
"Crea un uomo anziano, alto, di corporatura snella, etnia asiatica, con un viso allungato",73,50,60,185,0,100,0,50,30,20,50,2,40,50,60,20,40,80,20,0,0,0,0,0,0,0,73,50,60,70,40,50,30,30,40,40,40,20.0,40.0,30.0,30.0,30.0
"Crea una donna adulta, di altezza media, corporatura normale, etnia caucasica, con proporzioni armoniose e viso ovale.",33,55,50,170,0,0,100,55,70,60,50,0,50,40,50,40,50,40,50,60,0,0,0,0,0,0,33,50,50,60,50,50,50,50,40,50,50,50.0,50.0,40.0,50.0,40.0
"Crea un ragazzo giovane, alto, muscoloso, di etnia africana, con spalle larghe e viso squadrato.",26,85,80,185,100,0,0,70,50,70,60,2,50,30,60,40,50,30,60,0,0,50,0,0,0,0,26,60,80,70,60,60,50,50,60,60,50,50.0,60.0,60.0,60.0,60.0
"Crea una donna giovane, alta, atletica, di etnia asiatica, con proporzioni snelle, viso ovale e caratteristiche delicate.",25,60,55,175,0,100,0,70,60,80,50,0,40,60,50,30,50,30,50,0,0,0,0,0,0,0,25,60,60,80,50,50,60,50,50,50,40,80.0,70.0,50.0,40.0,60.0
"Crea un uomo adulto, di altezza media, corpulento, etnia caucasica, con spalle larghe e volto squadrato.",38,85,90,180,0,0,100,75,80,50,50,2,50,30,60,40,50,40,60,0,0,0,60,0,0,0,38,70,70,60,60,60,50,50,50,60,50,70.0,60.0,60.0,60.0,60.0
"Crea un uomo anziano, alto, di corporatura snella, etnia asiatica, con viso allungato e rughe prominenti.",74,55,60,185,0,100,0,50,30,20,50,2,40,50,60,20,40,80,20,0,0,0,0,0,0,0,74,50,60,70,40,50,30,30,40,40,40,20.0,40.0,30.0,30.0,30.0
"Crea una donna adulta, di altezza media, corporatura normale, etnia caucasica, con proporzioni armoniose e viso ovale.",31,55,70,170,0,0,100,60,70,60,50,0,50,40,50,40,50,40,50,60,0,0,0,0,0,0,31,50,50,60,50,50,50,50,40,50,50,50.0,50.0,40.0,50.0,40.0
"Crea un ragazzo giovane, alto, muscoloso, di etnia africana, con spalle possenti e viso rettangolare.",29,90,85,190,100,0,0,80,30,80,50,2,50,40,50,30,50,20,60,0,0,60,0,0,0,0,29,60,80,70,60,60,50,50,60,60,50,50.0,60.0,60.0,60.0,60.0
"Crea una donna giovane, alta, atletica, di etnia asiatica, con proporzioni snelle, viso ovale e caratteristiche delicate.",22,60,55,175,0,100,0,70,60,80,50,0,40,60,50,30,50,30,50,0,0,0,0,0,0,0,22,60,60,80,50,50,60,50,50,50,40,80.0,70.0,50.0,40.0,60.0
"Crea un uomo adulto, di altezza media, corpulento, etnia caucasica, con spalle larghe e volto squadrato.",37,85,90,180,0,0,100,75,80,50,50,2,50,30,60,40,50,40,60,0,0,0,60,0,0,0,37,70,70,60,60,60,50,50,50,60,50,70.0,60.0,60.0,60.0,60.0
"Crea un uomo giovane, di altezza media, magro, etnia asiatica, con un viso triangolare.",27,60,70,175,0,100,0,50,40,50,50,2,50,30,50,30,40,40,50,30,0,30,0,0,0,0,27,50,50,60,40,50,50,40,30,40,40,40.0,40.0,50.0,40.0,40.0
"Crea una donna adulta, alta, di corporatura snella, etnia africana, con un viso ovale.",35,55,60,180,100,0,0,50,60,50,40,0,40,40,50,40,40,30,50,30,0,40,0,0,0,0,35,60,60,70,60,60,50,50,40,50,50,50.0,40.0,60.0,50.0,50.0
"Crea un ragazzo giovane, muscoloso, etnia caucasica, con spalle ampie e un viso allungato.",25,75,80,185,0,0,100,70,60,60,50,2,50,40,60,30,50,30,60,0,0,40,0,0,0,0,25,70,70,70,60,60,60,60,50,60,50,50.0,60.0,60.0,50.0,60.0
"Crea una donna anziana, bassa, di corporatura robusta, etnia asiatica, con un viso quadrato.",70,50,70,160,0,100,0,60,50,40,30,0,40,40,50,20,30,60,40,30,0,0,0,0,0,0,70,50,60,50,40,50,50,40,40,50,40,40.0,50.0,50.0,30.0,50.0
"Crea un uomo adulto, di altezza media, snello, etnia africana, con un viso rettangolare.",35,70,75,175,100,0,0,65,40,50,50,2,40,30,50,30,50,50,60,30,0,0,0,0,0,0,35,60,70,70,50,60,60,60,50,60,50,50.0,60.0,60.0,60.0,50.0
"Crea una donna giovane, alta, snella, etnia caucasica, con un viso delicato.",22,50,55,175,0,0,100,50,60,60,50,0,40,30,40,20,40,30,50,0,0,30,0,0,0,0,22,40,50,60,40,50,50,40,30,50,40,40.0,50.0,50.0,30.0,50.0
"Crea una figura neutra giovane, di altezza media, corporatura snella, etnia asiatica, con un viso ovale.",20,50,60,170,0,100,0,50,50,50,50,1,40,40,50,30,50,40,50,0,0,30,0,0,0,0,20,50,50,60,40,50,50,40,30,40,40,40.0,40.0,50.0,40.0,40.0
"Crea una figura neutra adulta, alta, di corporatura media, etnia africana, con un viso triangolare.",35,65,70,180,100,0,0,60,40,40,50,1,50,50,60,20,30,40,60,0,0,40,0,0,0,0,35,60,60,70,60,60,50,50,40,50,50,50.0,40.0,60.0,50.0,50.0
"Crea una figura neutra matura, bassa, di corporatura robusta, etnia caucasica, con un viso quadrato.",50,80,85,160,0,0,100,70,30,30,40,1,50,40,50,20,30,50,50,30,0,0,0,0,0,0,50,50,50,50,40,50,50,40,40,50,40,40.0,50.0,50.0,30.0,50.0
"Crea una figura neutra giovane, di altezza media, muscolosa, etnia africana, con un viso rettangolare.",25,70,75,175,100,0,0,65,40,50,60,1,50,40,50,30,50,50,60,0,0,40,0,0,0,0,25,60,70,70,50,60,60,60,50,60,50,50.0,60.0,60.0,60.0,50.0
"Crea una figura neutra giovane, di altezza media, proporzioni delicate, etnia asiatica, con un viso ovale.",20,55,60,165,0,100,0,50,50,50,50,1,30,30,40,20,30,40,50,0,0,30,0,0,0,0,20,40,50,60,40,50,50,40,30,40,40,40.0,40.0,50.0,40.0,40.0
"Crea una donna giovane, atletica, di corporatura slanciata, di etnia caucasica.",24,65,60,175,0,0,100,70,70,70,50,0,40,60,60,30,50,40,60,0,0,0,0,0,0,0,24,60,60,80,50,50,60,50,50,50,50,70.0,60.0,50.0,50.0,60.0
"Crea un uomo adulto, alto, robusto, etnia africana, con lineamenti marcati.",40,90,95,185,100,0,0,80,80,70,50,2,60,50,60,40,60,60,70,0,0,0,60,0,0,0,40,70,70,70,60,70,60,50,60,70,50,70.0,70.0,70.0,60.0,70.0
"Crea una ragazza giovane, bassa, magra, con occhi grandi e viso delicato, di etnia asiatica.",20,45,50,160,0,100,0,40,50,40,60,0,50,40,30,20,40,20,30,0,0,0,0,0,0,0,20,50,60,40,40,40,40,30,40,40,40,40.0,40.0,30.0,50.0,50.0
"Crea un uomo anziano, di media statura, corporatura robusta, di etnia caucasica.",70,75,80,170,0,0,100,50,60,60,40,2,50,60,50,30,50,50,50,0,0,0,50,0,0,0,70,50,50,60,40,50,50,50,50,50,50,60.0,50.0,40.0,50.0,40.0
"Crea una donna adulta, slanciata, con una figura elegante e proporzionata, di etnia africana.",35,70,65,180,100,0,0,75,70,70,70,0,60,50,70,60,40,40,50,50,0,0,0,0,0,0,35,0,60,70,70,50,60,60,50,60,60,60.0,50.0,60.0,50.0,50.0
"Crea un ragazzo giovane, di corporatura media, atletico, di etnia asiatica.",18,60,70,175,0,100,0,60,60,60,60,1,40,50,40,30,40,40,50,0,0,0,0,0,0,0,18,60,60,60,40,50,50,40,40,50,50,50.0,50.0,40.0,50.0,50.0
"Crea una persona giovane, di corporatura esile, di etnia asiatica, genere neutro.",22,50,55,165,0,100,0,45,50,50,50,1,40,40,40,20,30,30,40,0,0,0,0,0,0,0,22,40,50,50,30,40,40,30,30,40,40,40.0,40.0,30.0,40.0,30.0
"Crea una donna adulta, alta e muscolosa, con tratti marcati e figura slanciata, di etnia caucasica.",35,75,80,180,0,0,100,70,80,70,60,0,50,50,60,30,60,50,60,0,0,0,0,0,0,0,35,70,70,70,50,60,60,50,50,60,50,60.0,50.0,60.0,60.0,50.0
"Crea un uomo anziano, di bassa statura e corporatura robusta, con tratti squadrati, di etnia africana.",65,80,85,160,100,0,0,60,50,50,40,2,60,60,50,40,50,60,50,0,0,0,60,0,0,0,65,60,60,60,40,60,50,50,60,60,50,60.0,50.0,50.0,60.0,50.0
"Crea una persona giovane, atletica, di etnia neutra, con lineamenti delicati.",28,70,75,175,50,50,50,65,60,60,60,1,40,50,50,30,50,50,50,0,0,0,0,0,0,0,28,50,60,60,40,50,50,40,50,50,50,50.0,50.0,40.0,50.0,50.0
"Crea una donna di mezza età, corporatura proporzionata e figura elegante, di etnia asiatica.",45,65,70,170,0,100,0,60,70,60,70,0,60,50,60,40,60,50,60,0,0,0,0,0,0,0,45,60,70,70,50,60,60,50,60,60,60,60.0,60.0,50.0,60.0,50.0
"Crea un uomo giovane, alto e longilineo, con tratti decisi e di etnia caucasica.",25,70,75,190,0,0,100,70,70,60,50,2,60,50,50,30,50,50,60,0,0,0,50,0,0,0,25,60,60,70,50,60,60,50,60,60,50,60.0,60.0,60.0,60.0,50.0
"Crea una persona di genere neutro, di media statura, corporatura robusta, e lineamenti gentili, di etnia africana.",32,75,80,170,100,0,0,70,60,60,50,1,50,60,50,40,50,50,60,0,0,0,50,0,0,0,32,50,60,60,50,60,50,50,60,50,50,60.0,50.0,50.0,60.0,50.0
"Crea una donna giovane, magra, con viso tondo, di etnia asiatica.",18,40,55,160,0,100,0,45,40,40,60,0,30,30,30,20,30,30,40,0,0,0,0,0,0,0,18,40,50,50,30,40,40,30,30,40,40,40.0,40.0,30.0,40.0,30.0
"Crea un uomo adulto, di corporatura muscolosa, alto e con spalle larghe, di etnia africana.",38,85,90,185,100,0,0,80,70,70,60,2,50,50,60,40,60,60,70,0,0,0,60,0,0,0,38,70,70,70,50,60,60,50,60,70,50,70.0,70.0,70.0,60.0,60.0
"Crea una persona giovane, minuta, di genere neutro, con lineamenti affusolati, di etnia asiatica.",20,45,50,155,0,100,0,40,40,40,50,1,20,30,30,20,30,30,40,0,0,0,0,0,0,0,20,40,50,40,30,40,30,30,30,40,40,40.0,40.0,30.0,40.0,30.0
"Crea una donna giovane, atletica, con viso triangolare e torace snello, di etnia asiatica.",25,55,60,165,0,100,0,48,40,40,60,0,30,30,40,20,40,40,40,0,0,0,0,0,0,0,25,40,50,50,40,50,40,40,60,50,40,40.0,50.0,50.0,40.0,50.0
"Crea un uomo adulto, robusto e forte, con lineamenti quadrati e muscoli ben definiti, di etnia africana.",40,80,85,180,100,0,0,75,60,60,50,2,50,50,50,40,50,60,60,0,0,0,50,0,0,0,40,70,70,70,50,70,60,60,70,70,60,70.0,70.0,50.0,50.0,50.0
"Crea una persona di genere neutro, alta e snella, con proporzioni bilanciate e lineamenti sottili, di etnia neutra.",30,65,70,175,50,50,50,60,50,50,50,1,40,50,50,30,50,50,50,0,0,0,0,0,0,0,30,50,50,50,40,50,50,40,50,50,50,50.0,50.0,50.0,50.0,50.0
"Crea una donna adulta, con fisico sinuoso e viso ovale, di altezza media e etnia caucasica.",35,60,65,170,0,0,100,55,50,50,60,0,40,50,50,30,50,50,50,0,0,0,0,0,0,0,35,50,60,60,40,60,50,50,50,60,50,50.0,50.0,50.0,60.0,50.0
"Crea un uomo giovane, muscoloso e atletico, con torace ampio e viso rettangolare, di etnia africana.",28,75,80,185,100,0,0,70,60,60,50,2,50,50,50,40,50,60,60,0,0,0,50,0,0,0,28,70,70,70,50,70,60,60,70,70,60,70.0,70.0,50.0,50.0,50.0
"Crea una persona di genere neutro, con corporatura media e tratti sottili, di etnia asiatica.",32,55,60,165,0,100,0,50,40,40,50,1,30,30,30,20,30,30,40,0,0,0,0,0,0,0,32,40,50,50,30,50,40,40,50,50,40,50.0,40.0,40.0,50.0,50.0
"Crea una donna anziana, snella e minuta, con viso a forma di diamante, di etnia asiatica.",68,50,55,160,0,100,0,48,40,40,60,0,30,30,40,20,40,40,40,0,0,0,0,0,0,0,68,40,50,50,30,50,40,40,50,50,40,50.0,40.0,40.0,50.0,50.0
"Crea un uomo adulto, con fisico snello e spalle larghe, e viso ovale, di etnia caucasica.",45,65,70,180,0,0,100,60,50,50,60,2,40,50,50,30,50,50,50,0,0,0,0,0,0,0,45,50,60,60,40,60,50,50,50,60,50,50.0,50.0,50.0,60.0,50.0
"Crea una persona di genere neutro, con fisico robusto e muscoli visibili, di etnia africana.",36,70,75,175,100,0,0,65,50,50,50,1,40,50,50,30,50,50,50,0,0,0,0,0,0,0,36,60,60,60,50,60,50,50,60,60,50,60.0,60.0,60.0,60.0,50.0
"Crea una donna giovane, minuta e snella, con viso triangolare, di etnia caucasica.",22,48,52,160,0,0,100,46,40,40,50,0,30,30,30,20,30,30,40,0,0,0,0,0,0,0,22,40,40,40,30,40,30,30,40,40,40,40.0,40.0,30.0,40.0,30.0
"Crea un uomo anziano, muscoloso e alto, con viso squadrato e torace ampio, di etnia africana.",70,85,90,185,100,0,0,78,60,60,50,2,50,50,50,40,50,60,60,0,0,0,50,0,0,0,70,70,70,70,50,70,60,60,70,70,60,70.0,70.0,50.0,50.0,50.0
"Crea una persona di genere neutro, di statura media e lineamenti morbidi, di etnia asiatica.",29,58,63,165,50,50,50,52,50,50,50,1,40,50,50,30,50,50,50,0,0,0,0,0,0,0,29,50,50,50,40,50,50,40,50,50,50,50.0,50.0,50.0,50.0,50.0
"Crea una donna anziana, alta e slanciata, con viso rotondo e corpo esile, di etnia asiatica.",65,50,55,160,100,0,0,45,30,30,50,0,30,30,40,20,30,30,40,0,0,0,0,0,0,0,65,40,50,50,30,50,40,40,50,50,40,50.0,40.0,40.0,50.0,50.0
"Crea un uomo giovane, muscoloso e alto, con viso quadrato e torace ampio, di etnia africana.",24,80,85,185,0,0,100,78,60,60,50,2,40,40,50,30,50,60,60,0,0,0,50,0,0,0,24,70,70,70,50,70,60,60,70,70,60,70.0,70.0,80.0,50.0,50.0
"Crea una persona di genere neutro, con viso triangolare e corporatura robusta, di etnia caucasica.",34,70,75,175,100,0,0,72,50,50,50,1,40,50,50,30,50,50,50,0,0,0,0,0,0,0,34,60,60,60,40,60,50,50,60,60,50,60.0,60.0,60.0,60.0,50.0
"Crea una donna giovane, atletica, con viso ovale e corpo snodato, di etnia asiatica.",23,58,63,165,0,100,0,54,50,50,60,0,30,30,40,20,30,40,50,0,0,0,0,0,0,0,23,40,50,50,30,50,40,40,50,50,40,50.0,40.0,50.0,40.0,50.0
"Crea un uomo adulto, muscoloso e con viso triangolare, di etnia africana.",38,85,90,180,100,0,0,85,60,60,50,2,50,50,50,40,50,60,60,0,0,0,50,0,0,0,38,70,70,70,50,70,60,60,70,70,60,70.0,70.0,80.0,50.0,50.0
"Crea una persona di genere neutro, alta, con fisico snodato e viso a forma di diamante, di etnia asiatica.",29,63,68,172,50,50,50,60,50,50,50,1,40,50,50,30,50,50,50,0,0,0,0,0,0,0,29,50,50,50,40,50,50,40,50,50,50,50.0,50.0,50.0,50.0,50.0
"Crea una donna adulta, con fisico curvato e viso quadrato, di etnia caucasica.",32,65,70,170,0,0,100,62,50,50,50,0,40,50,50,30,50,50,50,0,0,0,0,0,0,0,32,50,50,50,40,50,40,50,50,50,50,50.0,40.0,50.0,40.0,50.0
"Crea un uomo giovane, snodato, con torace ampio e viso rettangolare, di etnia africana.",22,80,85,185,100,0,0,75,60,60,50,2,50,50,50,40,50,60,60,0,0,0,50,0,0,0,22,70,70,70,50,70,60,60,70,70,60,70.0,70.0,80.0,50.0,50.0
"Crea una persona di genere neutro, di altezza media, con viso quadrato e corporatura atletica, di etnia caucasica.",40,75,80,177,50,50,50,73,50,50,50,1,40,50,50,30,50,50,50,0,0,0,0,0,0,0,40,60,60,60,50,60,50,50,60,60,50,60.0,60.0,60.0,60.0,50.0
"Crea una donna anziana, minuta, con fisico esile e viso rettangolare, di etnia asiatica.",70,50,55,158,0,100,0,47,40,40,50,0,30,30,40,20,40,40,40,0,0,0,0,0,0,0,70,40,50,50,30,50,40,40,50,50,40,50.0,40.0,40.0,50.0,50.0
"Crea un uomo adulto, muscoloso, con viso squadrato e torace largo, di etnia africana.",35,90,95,185,100,0,0,80,60,60,50,2,50,50,50,40,50,60,60,0,0,0,50,0,0,0,35,70,70,70,50,70,60,60,70,70,60,70.0,70.0,80.0,50.0,50.0
"Crea una persona di genere neutro, alta e snella, con proporzioni equilibrate e viso a forma di diamante, di etnia asiatica.",30,60,65,170,50,50,50,55,50,50,50,1,40,50,50,30,50,50,50,0,0,0,0,0,0,0,30,50,50,50,40,50,50,40,50,50,50,50.0,50.0,50.0,50.0,50.0
"Crea una donna adulta, con viso quadrato e corpo snodato, di etnia caucasica.",40,68,72,165,0,0,100,60,50,50,50,0,40,50,50,30,50,50,50,0,0,0,0,0,0,0,40,50,60,60,40,60,50,50,60,60,50,60.0,50.0,50.0,60.0,50.0
"Crea un uomo giovane, muscoloso, con torace largo e viso rettangolare, di etnia africana.",26,78,82,180,100,0,0,76,60,60,50,2,50,50,50,40,50,60,60,0,0,0,50,0,0,0,26,70,70,70,50,70,60,60,70,70,60,70.0,70.0,80.0,50.0,50.0
"Crea una persona di genere neutro, di statura media e viso triangolare, di etnia asiatica.",28,62,67,168,50,50,50,59,50,50,50,1,40,50,50,30,50,50,50,0,0,0,0,0,0,0,28,50,50,50,40,50,50,40,50,50,50,50.0,50.0,50.0,50.0,50.0
"Crea una donna giovane, minuta, con fisico snodato e viso quadrato, di etnia caucasica.",24,55,60,165,0,100,0,52,50,50,60,0,30,30,40,20,30,40,50,0,0,0,0,0,0,0,24,40,50,50,30,50,40,40,50,50,40,50.0,40.0,40.0,50.0,50.0
"Crea un uomo adulto, alto e atletico, con viso ovale e torace ampio, di etnia africana.",37,85,90,188,100,0,0,82,60,60,50,2,50,50,50,40,50,60,60,0,0,0,50,0,0,0,37,70,70,70,50,70,60,60,70,70,60,70.0,70.0,80.0,50.0,50.0
"Crea una persona di genere neutro, con fisico robusto, muscoli evidenti e viso a forma di diamante, di etnia asiatica.",35,75,80,175,50,50,50,70,50,50,50,1,40,50,50,30,50,50,50,0,0,0,0,0,0,0,35,60,60,60,50,60,50,50,60,60,50,60.0,60.0,60.0,60.0,50.0
"Crea una donna adulta, con viso a forma di diamante e fisico sinuoso, di etnia africana.",39,63,68,165,0,0,100,58,50,50,50,0,40,50,50,30,50,50,50,0,0,0,0,0,0,0,39,50,50,50,40,50,40,50,50,50,50,50.0,40.0,50.0,40.0,50.0
"Crea un uomo giovane, muscoloso e alto, con viso quadrato e torace ampio, di etnia caucasica.",23,82,87,180,100,0,0,79,60,60,50,2,50,50,50,40,50,60,60,0,0,0,50,0,0,0,23,70,70,70,50,70,60,60,70,70,60,70.0,70.0,80.0,50.0,50.0
"Crea una persona di genere neutro, con fisico curvato e viso a forma di cuore, di etnia asiatica.",33,65,70,172,50,50,50,62,50,50,50,1,40,50,50,30,50,50,50,0,0,0,0,0,0,0,33,50,50,50,40,50,50,40,50,50,50,50.0,50.0,50.0,50.0,50.0
"Crea una donna anziana, esile, con viso rotondo e lineamenti delicati, di etnia caucasica.",70,48,53,160,0,100,0,45,40,40,50,0,30,30,40,20,30,30,40,0,0,0,0,0,0,0,70,40,50,50,30,50,40,40,50,50,40,50.0,40.0,40.0,50.0,50.0
"Crea un uomo adulto, robusto, con fisico muscoloso e viso triangolare, di etnia africana.",40,85,90,180,100,0,0,82,60,60,50,2,50,50,50,40,50,60,60,0,0,0,50,0,0,0,40,70,70,70,50,70,60,60,70,70,60,70.0,70.0,80.0,50.0,50.0
"Crea una persona di genere neutro, snodato e con viso rettangolare, di etnia caucasica.",25,60,65,168,50,50,50,55,50,50,50,1,40,50,50,30,50,50,50,0,0,0,0,0,0,0,25,50,50,50,40,50,50,40,50,50,50,50.0,50.0,50.0,50.0,50.0
"Genera una donna anziana, alta e slanciata, con viso rotondo e corpo esile, di etnia asiatica.",65,50,55,160,100,0,0,45,30,30,50,0,30,30,40,20,30,30,40,0,0,0,0,0,0,0,65,40,50,50,30,50,40,40,50,50,40,50.0,40.0,40.0,50.0,50.0
"Genera un uomo giovane, muscoloso e alto, con viso quadrato e torace ampio, di etnia africana.",24,80,85,185,0,0,100,78,60,60,50,2,40,40,50,30,50,60,60,0,0,0,50,0,0,0,24,70,70,70,50,70,60,60,70,70,60,70.0,70.0,80.0,50.0,50.0
"Genera una persona di genere neutro, con viso triangolare e corporatura robusta, di etnia caucasica.",34,70,75,175,100,0,0,72,50,50,50,1,40,50,50,30,50,50,50,0,0,0,0,0,0,0,34,60,60,60,40,60,50,50,60,60,50,60.0,60.0,60.0,60.0,50.0
"Genera una donna giovane, atletica, con viso ovale e corpo snodato, di etnia asiatica.",23,58,63,165,0,100,0,54,50,50,60,0,30,30,40,20,30,40,50,0,0,0,0,0,0,0,23,40,50,50,30,50,40,40,50,50,40,50.0,40.0,50.0,40.0,50.0
"Genera un uomo adulto, muscoloso e con viso triangolare, di etnia africana.",38,85,90,180,100,0,0,85,60,60,50,2,50,50,50,40,50,60,60,0,0,0,50,0,0,0,38,70,70,70,50,70,60,60,70,70,60,70.0,70.0,80.0,50.0,50.0
"Genera una persona di genere neutro, alta, con fisico snodato e viso a forma di diamante, di etnia asiatica.",29,63,68,172,50,50,50,60,50,50,50,1,40,50,50,30,50,50,50,0,0,0,0,0,0,0,29,50,50,50,40,50,50,40,50,50,50,50.0,50.0,50.0,50.0,50.0
"Genera una donna adulta, con fisico curvato e viso quadrato, di etnia caucasica.",32,65,70,170,0,0,100,62,50,50,50,0,40,50,50,30,50,50,50,0,0,0,0,0,0,0,32,50,60,60,40,60,50,50,60,60,50,60.0,50.0,50.0,60.0,50.0
"Genera un uomo giovane, snodato, con torace ampio e viso rettangolare, di etnia africana.",22,80,85,185,100,0,0,75,60,60,50,2,50,50,50,40,50,60,60,0,0,0,50,0,0,0,22,70,70,70,50,70,60,60,70,70,60,70.0,70.0,80.0,50.0,50.0
"Genera una persona di genere neutro, di altezza media, con viso quadrato e corporatura atletica, di etnia caucasica.",40,75,80,177,50,50,50,73,50,50,50,1,40,50,50,30,50,50,50,0,0,0,0,0,0,0,40,60,60,60,50,60,50,50,60,60,50,60.0,60.0,60.0,60.0,50.0
"Genera una donna anziana, minuta, con fisico esile e viso rettangolare, di etnia asiatica.",70,50,55,158,0,100,0,47,40,40,50,0,30,30,40,20,40,40,40,0,0,0,0,0,0,0,70,40,50,50,30,50,40,40,50,50,40,50.0,40.0,40.0,50.0,50.0
"Genera un uomo adulto, muscoloso, con viso squadrato e torace largo, di etnia africana.",35,90,95,185,100,0,0,80,60,60,50,2,50,50,50,40,50,60,60,0,0,0,50,0,0,0,35,70,70,70,50,70,60,60,70,70,60,70.0,70.0,80.0,50.0,50.0
"Genera una persona di genere neutro, di statura media e viso triangolare, di etnia asiatica.",28,62,67,168,50,50,50,59,50,50,50,1,40,50,50,30,50,50,50,0,0,0,0,0,0,0,28,50,50,50,40,50,50,40,50,50,50,50.0,50.0,50.0,50.0,50.0
"Genera una donna giovane, minuta, con fisico snodato e viso quadrato, di etnia caucasica.",24,55,60,165,0,100,0,52,50,50,60,0,30,30,40,20,30,40,50,0,0,0,0,0,0,0,24,40,50,50,30,50,40,40,50,50,40,50.0,40.0,40.0,50.0,50.0
"Genera un uomo adulto, alto e atletico, con viso ovale e torace ampio, di etnia africana.",37,85,90,188,100,0,0,82,60,60,50,2,50,50,50,40,50,60,60,0,0,0,50,0,0,0,37,70,70,70,50,70,60,60,70,70,60,70.0,70.0,80.0,50.0,50.0
"Genera una persona di genere neutro, con fisico robusto, muscoli evidenti e viso a forma di diamante, di etnia asiatica.",35,75,80,175,50,50,50,70,50,50,50,1,40,50,50,30,50,50,50,0,0,0,0,0,0,0,35,60,60,60,50,60,50,50,60,60,50,60.0,60.0,60.0,60.0,50.0
"Genera una donna adulta, con viso a forma di diamante e fisico sinuoso, di etnia africana.",39,63,68,165,0,0,100,58,50,50,50,0,40,50,50,30,50,50,50,0,0,0,0,0,0,0,39,50,50,50,40,50,40,50,50,50,50,50.0,40.0,50.0,40.0,50.0
"Genera un uomo giovane, muscoloso e alto, con viso quadrato e torace ampio, di etnia caucasica.",23,82,87,180,100,0,0,79,60,60,50,2,50,50,50,40,50,60,60,0,0,0,50,0,0,0,23,70,70,70,50,70,60,60,70,70,60,70.0,70.0,80.0,50.0,50.0
"Genera una persona di genere neutro, con fisico curvato e viso a forma di cuore, di etnia asiatica.",33,65,70,172,50,50,50,62,50,50,50,1,40,50,50,30,50,50,50,0,0,0,0,0,0,0,33,50,50,50,40,50,50,40,50,50,50,50.0,50.0,50.0,50.0,50.0
"Genera una donna anziana, esile, con viso rotondo e lineamenti delicati, di etnia caucasica.",70,48,53,160,0,100,0,45,40,40,50,0,30,30,40,20,30,30,40,0,0,0,0,0,0,0,70,40,50,50,30,50,40,40,50,50,40,50.0,40.0,40.0,50.0,50.0
"Genera un uomo adulto, robusto, con fisico muscoloso e viso triangolare, di etnia africana.",40,85,90,180,100,0,0,82,60,60,50,2,50,50,50,40,50,60,60,0,0,0,50,0,0,0,40,70,70,70,50,70,60,60,70,70,60,70.0,70.0,80.0,50.0,50.0
"Genera una persona di genere neutro, snodato e con viso rettangolare, di etnia caucasica.",25,60,65,168,50,50,50,55,50,50,50,1,40,50,50,30,50,50,50,0,0,0,0,0,0,0,25,50,50,50,40,50,50,40,50,50,50,50.0,50.0,50.0,50.0,50.0
"Crea un uomo adulto, muscoloso, con viso a forma di quadrato e fisico atletico, di etnia caucasica.",28,85,92,185,100,0,0,90,60,60,50,2,50,50,50,40,50,60,60,0,0,0,50,0,0,0,28,70,70,70,50,70,60,60,70,70,60,70.0,70.0,80.0,50.0,50.0
"Genera una persona di genere neutro, con viso ovale e fisico tonico, di etnia latina.",30,78,83,177,50,50,50,75,50,50,50,1,40,50,50,30,50,50,50,0,0,0,0,0,0,0,30,50,50,50,40,50,40,50,50,50,50,50.0,40.0,50.0,40.0,50.0
"Crea una donna adulta, con viso a forma di cuore e fisico slanciato, di etnia asiatica.",35,62,68,160,0,100,0,55,50,50,50,0,40,40,50,30,40,40,50,0,0,0,0,0,0,0,35,40,50,50,30,50,40,40,50,50,40,50.0,40.0,40.0,50.0,50.0
"Genera un uomo adulto, alto, con fisico scolpito e viso ovale, di etnia africana.",32,88,95,190,100,0,0,85,60,60,50,2,50,50,50,40,50,60,60,0,0,0,50,0,0,0,32,70,70,70,50,70,60,60,70,70,60,70.0,70.0,80.0,50.0,50.0
"Crea una persona di genere neutro, con viso triangolare e fisico massiccio, di etnia caucasica.",38,80,85,180,50,50,50,80,50,50,50,1,40,50,50,30,50,50,50,0,0,0,0,0,0,0,38,50,50,50,40,50,40,50,50,50,50,50.0,40.0,50.0,40.0,50.0
"Genera una donna giovane, snodabile, con viso rettangolare e corpo atletico, di etnia latina.",27,70,75,165,0,50,0,65,40,50,50,0,40,50,50,20,50,40,50,0,0,0,0,0,0,0,27,40,50,50,30,50,40,40,50,50,40,50.0,40.0,40.0,50.0,50.0
"Crea un uomo giovane, alto, con fisico scolpito e viso a forma di cuore, di etnia africana.",24,85,90,178,100,0,0,80,60,60,50,2,50,50,50,40,50,60,60,0,0,0,50,0,0,0,24,70,70,70,50,70,60,60,70,70,60,70.0,70.0,80.0,50.0,50.0
"Genera una persona di genere neutro, con viso ovale e fisico muscoloso, di etnia caucasica.",31,82,87,175,50,50,50,75,50,50,50,1,40,50,50,30,50,50,50,0,0,0,0,0,0,0,31,50,50,50,40,50,40,50,50,50,50,50.0,40.0,50.0,40.0,50.0
"Crea una donna adulta, con viso a forma di diamante e fisico snodato, di etnia asiatica.",40,64,70,162,0,100,0,58,50,50,50,0,40,40,50,30,40,40,50,0,0,0,0,0,0,0,40,40,50,50,30,50,40,40,50,50,40,50.0,40.0,40.0,50.0,50.0
"Crea una persona di genere neutro, con viso a forma di cuore e fisico snodato, di etnia asiatica.",34,75,80,180,50,50,50,75,50,50,50,1,40,50,50,30,50,50,50,0,0,0,0,0,0,0,34,50,50,50,40,50,40,50,50,50,50,50.0,40.0,50.0,40.0,50.0
"Genera un uomo adulto, con fisico massiccio e viso ovale, di etnia africana.",38,88,94,185,100,0,0,90,60,60,50,2,50,50,50,40,50,60,60,0,0,0,50,0,0,0,38,70,70,70,50,70,60,60,70,70,60,70.0,70.0,80.0,50.0,50.0
"Crea una donna adulta, con fisico atletico e viso quadrato, di etnia latina.",30,62,70,165,0,100,0,60,50,50,50,0,40,40,50,30,40,40,50,0,0,0,0,0,0,0,30,40,50,50,30,50,40,40,50,50,40,50.0,40.0,40.0,50.0,50.0
"Genera una persona di genere neutro, con fisico tonico e viso a forma di cuore, di etnia caucasica.",32,80,85,177,50,50,50,75,50,50,50,1,40,50,50,30,50,50,50,0,0,0,0,0,0,0,32,50,50,50,40,50,40,50,50,50,50,50.0,40.0,50.0,40.0,50.0
"Crea un uomo giovane, snodabile, con fisico scolpito e viso a forma di triangolo, di etnia africana.",25,80,90,180,100,0,0,85,60,60,50,2,50,50,50,40,50,60,60,0,0,0,50,0,0,0,25,70,70,70,50,70,60,60,70,70,60,70.0,70.0,80.0,50.0,50.0
"Genera una donna giovane, snodabile, con viso rettangolare e corpo slanciato, di etnia asiatica.",28,65,70,160,0,100,0,55,50,50,50,0,40,40,50,30,40,40,50,0,0,0,0,0,0,0,28,40,50,50,30,50,40,40,50,50,40,50.0,40.0,40.0,50.0,50.0
"Crea una persona di genere neutro, con fisico tonico e viso quadrato, di etnia africana.",31,80,85,176,50,50,50,75,50,50,50,1,40,50,50,30,50,50,50,0,0,0,0,0,0,0,31,50,50,50,40,50,40,50,50,50,50,50.0,40.0,50.0,40.0,50.0
"Genera un uomo adulto, alto e muscoloso, con viso a forma di cuore, di etnia latina.",33,85,90,185,100,0,0,90,60,60,50,2,50,50,50,40,50,60,60,0,0,0,50,0,0,0,33,70,70,70,50,70,60,60,70,70,60,70.0,70.0,80.0,50.0,50.0
"Crea una donna adulta, con fisico tonico e viso a forma di cuore, di etnia asiatica.",36,68,73,165,0,100,0,58,50,50,50,0,40,40,50,30,40,40,50,0,0,0,0,0,0,0,36,40,50,50,30,50,40,40,50,50,40,50.0,40.0,40.0,50.0,50.0
"Genera una persona di genere neutro, con fisico massiccio e viso ovale, di etnia africana.",40,88,95,190,50,50,50,90,50,50,50,1,40,50,50,30,50,50,50,0,0,0,0,0,0,0,40,50,50,50,40,50,40,50,50,50,50,50.0,40.0,50.0,40.0,50.0
"Crea un uomo giovane, muscoloso, con viso a forma di diamante e fisico scolpito, di etnia caucasica.",24,85,90,180,100,0,0,80,60,60,50,2,50,50,50,40,50,60,60,0,0,0,50,0,0,0,24,70,70,70,50,70,60,60,70,70,60,70.0,70.0,80.0,50.0,50.0
"Genera una donna adulta, con fisico atletico e viso rotondo, di etnia latina.",35,60,65,160,0,100,0,55,50,50,50,0,40,40,50,30,40,40,50,0,0,0,0,0,0,0,35,40,50,50,30,50,40,40,50,50,40,50.0,40.0,40.0,50.0,50.0
"Crea una persona di genere neutro, con fisico snodato e viso a forma di quadrato, di etnia asiatica.",32,75,80,170,50,50,50,70,50,50,50,1,40,50,50,30,50,50,50,0,0,0,0,0,0,0,32,50,50,50,40,50,40,50,50,50,50,50.0,40.0,50.0,40.0,50.0
"Genera un uomo adulto, con fisico massiccio e viso ovale, di etnia caucasica.",38,88,95,185,100,0,0,90,60,60,50,2,50,50,50,40,50,60,60,0,0,0,50,0,0,0,38,70,70,70,50,70,60,60,70,70,60,70.0,70.0,80.0,50.0,50.0
"Crea una persona di genere neutro, con viso rettangolare e fisico tonico, di etnia africana.",34,80,85,175,50,50,50,80,50,50,50,1,40,50,50,30,50,50,50,0,0,0,0,0,0,0,34,50,50,50,40,50,40,50,50,50,50,50.0,40.0,50.0,40.0,50.0
"Genera una donna giovane, snodabile, con viso quadrato e corpo slanciato, di etnia asiatica.",29,65,70,160,0,100,0,55,50,50,50,0,40,40,50,30,40,40,50,0,0,0,0,0,0,0,29,40,50,50,30,50,40,40,50,50,40,50.0,40.0,40.0,50.0,50.0
"Crea un uomo adulto, alto, con viso ovale e fisico massiccio, di etnia latina.",36,90,95,190,100,0,0,90,60,60,50,2,50,50,50,40,50,60,60,0,0,0,50,0,0,0,36,70,70,70,50,70,60,60,70,70,60,70.0,70.0,80.0,50.0,50.0
"Genera una persona di genere neutro, con fisico snodato e viso a forma di cuore, di etnia caucasica.",30,75,80,170,50,50,50,70,50,50,50,1,40,50,50,30,50,50,50,0,0,0,0,0,0,0,30,50,50,50,40,50,40,50,50,50,50,50.0,40.0,50.0,40.0,50.0
"Crea una donna adulta, con fisico tonico e viso a forma di cuore, di etnia africana.",34,70,75,165,0,100,0,60,50,50,50,0,40,40,50,30,40,40,50,0,0,0,0,0,0,0,34,40,50,50,30,50,40,40,50,50,40,50.0,40.0,40.0,50.0,50.0
"Genera una persona di genere neutro, con viso a forma di diamante e fisico massiccio, di etnia latina.",33,80,85,175,50,50,50,80,50,50,50,1,40,50,50,30,50,50,50,0,0,0,0,0,0,0,33,50,50,50,40,50,40,50,50,50,50,50.0,40.0,50.0,40.0,50.0
"Crea una persona di genere neutro, con fisico slanciato e viso quadrato, di etnia asiatica.",31,75,80,165,50,50,50,70,50,50,50,1,40,50,50,30,50,50,50,0,0,0,0,0,0,0,31,50,50,50,40,50,40,50,50,50,50,50.0,40.0,50.0,40.0,50.0
"Genera un uomo adulto, muscoloso, con viso a forma di cuore e fisico tonico, di etnia caucasica.",28,85,90,180,100,0,0,85,60,60,50,2,50,50,50,40,50,60,60,0,0,0,50,0,0,0,28,70,70,70,50,70,60,60,70,70,60,70.0,70.0,80.0,50.0,50.0
"Crea una donna adulta, con viso a forma di cuore e fisico snodato, di etnia africana.",37,65,70,160,0,100,0,55,50,50,50,0,40,40,50,30,40,40,50,0,0,0,0,0,0,0,37,40,50,50,30,50,40,40,50,50,40,50.0,40.0,40.0,50.0,50.0
"Genera una persona di genere neutro, con fisico muscoloso e viso triangolare, di etnia asiatica.",32,80,85,178,50,50,50,80,50,50,50,1,40,50,50,30,50,50,50,0,0,0,0,0,0,0,32,50,50,50,40,50,40,50,50,50,50,50.0,40.0,50.0,40.0,50.0
"Crea un uomo giovane, alto, con viso a forma di diamante e corpo snodato, di etnia africana.",26,80,88,185,100,0,0,85,60,60,50,2,50,50,50,40,50,60,60,0,0,0,50,0,0,0,26,70,70,70,50,70,60,60,70,70,60,70.0,70.0,80.0,50.0,50.0
"Genera una donna adulta, con viso rettangolare e fisico tonico, di etnia caucasica.",34,68,73,168,0,100,0,60,50,50,50,0,40,40,50,30,40,40,50,0,0,0,0,0,0,0,34,40,50,50,30,50,40,40,50,50,40,50.0,40.0,40.0,50.0,50.0
"Crea una persona di genere neutro, con fisico massiccio e viso ovale, di etnia latina.",38,85,90,180,50,50,50,85,50,50,50,1,40,50,50,30,50,50,50,0,0,0,0,0,0,0,38,50,50,50,40,50,40,50,50,50,50,50.0,40.0,50.0,40.0,50.0
"Genera un uomo adulto, muscoloso, con viso ovale e corpo snodato, di etnia caucasica.",35,90,95,188,100,0,0,90,60,60,50,2,50,50,50,40,50,60,60,0,0,0,50,0,0,0,35,70,70,70,50,70,60,60,70,70,60,70.0,70.0,80.0,50.0,50.0
"Crea una donna adulta, con viso a forma di cuore e fisico scolpito, di etnia asiatica.",33,60,65,160,0,100,0,55,50,50,50,0,40,40,50,30,40,40,50,0,0,0,0,0,0,0,33,40,50,50,30,50,40,40,50,50,40,50.0,40.0,40.0,50.0,50.0
"Genera una persona di genere neutro, con viso a forma di diamante e fisico snodato, di etnia latina.",29,80,85,175,50,50,50,78,50,50,50,1,40,50,50,30,50,50,50,0,0,0,0,0,0,0,29,50,50,50,40,50,40,50,50,50,50,50.0,40.0,50.0,40.0,50.0
"Crea un uomo adulto, con fisico atletico e viso a forma di quadrato, di etnia africana.",34,88,92,180,100,0,0,90,60,60,50,2,50,50,50,40,50,60,60,0,0,0,50,0,0,0,34,70,70,70,50,70,60,60,70,70,60,70.0,70.0,80.0,50.0,50.0
"Genera una donna giovane, snodabile, con viso a forma di cuore e fisico tonico, di etnia asiatica.",27,65,70,160,0,100,0,55,50,50,50,0,40,40,50,30,40,40,50,0,0,0,0,0,0,0,27,40,50,50,30,50,40,40,50,50,40,50.0,40.0,40.0,50.0,50.0
"Crea una persona di genere neutro, con viso a forma di triangolo e fisico massiccio, di etnia caucasica.",36,85,90,178,50,50,50,80,50,50,50,1,40,50,50,30,50,50,50,0,0,0,0,0,0,0,36,50,50,50,40,50,40,50,50,50,50,50.0,40.0,50.0,40.0,50.0
"Genera un uomo adulto, con fisico massiccio e viso a forma di quadrato, di etnia latina.",37,88,95,190,100,0,0,92,60,60,50,2,50,50,50,40,50,60,60,0,0,0,50,0,0,0,37,70,70,70,50,70,60,60,70,70,60,70.0,70.0,80.0,50.0,50.0
"Crea una donna adulta, con fisico snodato e viso a forma di cuore, di etnia caucasica.",31,63,70,165,0,100,0,58,50,50,50,0,40,40,50,30,40,40,50,0,0,0,0,0,0,0,31,40,50,50,30,50,40,40,50,50,40,50.0,40.0,40.0,50.0,50.0
"Genera una persona di genere neutro, con fisico massiccio e viso a forma di diamante, di etnia asiatica.",40,85,90,180,50,50,50,80,50,50,50,1,40,50,50,30,50,50,50,0,0,0,0,0,0,0,40,50,50,50,40,50,40,50,50,50,50,50.0,40.0,50.0,40.0,50.0
"Crea un uomo giovane, con fisico snodato e viso rotondo, di etnia africana.",24,80,88,175,100,0,0,80,60,60,50,2,50,50,50,40,50,60,60,0,0,0,50,0,0,0,24,70,70,70,50,70,60,60,70,70,60,70.0,70.0,80.0,50.0,50.0
"Genera una donna adulta, con fisico tonico e viso a forma di quadrato, di etnia latina.",34,70,75,165,0,100,0,60,50,50,50,0,40,40,50,30,40,40,50,0,0,0,0,0,0,0,34,40,50,50,30,50,40,40,50,50,40,50.0,40.0,40.0,50.0,50.0
"Crea una persona di genere neutro, con viso a forma di cuore e fisico atletico, di etnia caucasica.",30,75,80,175,50,50,50,70,50,50,50,1,40,50,50,30,50,50,50,0,0,0,0,0,0,0,30,50,50,50,40,50,40,50,50,50,50,50.0,40.0,50.0,40.0,50.0
"Genera un uomo adulto, con viso rettangolare e corpo muscoloso, di etnia africana.",38,85,92,182,100,0,0,88,60,60,50,2,50,50,50,40,50,60,60,0,0,0,50,0,0,0,38,70,70,70,50,70,60,60,70,70,60,70.0,70.0,80.0,50.0,50.0
"Crea una donna giovane, con viso ovale e fisico tonico, di etnia asiatica.",26,63,68,158,0,100,0,53,50,50,50,0,40,40,50,30,40,40,50,0,0,0,0,0,0,0,26,40,50,50,30,50,40,40,50,50,40,50.0,40.0,40.0,50.0,50.0
"Genera una persona di genere neutro, con viso quadrato e fisico massiccio, di etnia latina.",35,83,88,177,50,50,50,82,50,50,50,1,40,50,50,30,50,50,50,0,0,0,0,0,0,0,35,50,50,50,40,50,40,50,50,50,50,50.0,40.0,50.0,40.0,50.0
"Crea un uomo adulto, con fisico atletico e viso ovale, di etnia asiatica.",32,85,90,180,100,0,0,87,60,60,50,2,50,50,50,40,50,60,60,0,0,0,50,0,0,0,32,70,70,70,50,70,60,60,70,70,60,70.0,70.0,80.0,50.0,50.0
"Crea una donna adulta, con viso a forma di diamante e fisico scolpito, di etnia africana.",34,65,70,162,0,100,0,56,50,50,50,0,40,40,50,30,40,40,50,0,0,0,0,0,0,0,34,40,50,50,30,50,40,40,50,50,40,50.0,40.0,40.0,50.0,50.0
"Genera una persona di genere neutro, con fisico snodato e viso rettangolare, di etnia caucasica.",31,78,82,176,50,50,50,75,50,50,50,1,40,50,50,30,50,50,50,0,0,0,0,0,0,0,31,50,50,50,40,50,40,50,50,50,50,50.0,40.0,50.0,40.0,50.0
"Crea un uomo adulto, con fisico massiccio e viso a forma di triangolo, di etnia latina.",40,90,96,190,100,0,0,95,60,60,50,2,50,50,50,40,50,60,60,0,0,0,50,0,0,0,40,70,70,70,50,70,60,60,70,70,60,70.0,70.0,80.0,50.0,50.0
"Crea una donna giovane, con viso a forma di cuore e fisico scolpito, di etnia asiatica.",25,60,65,155,0,100,0,50,50,50,50,0,40,40,50,30,40,40,50,0,0,0,0,0,0,0,25,40,50,50,30,50,40,40,50,50,40,50.0,40.0,40.0,50.0,50.0
"Genera una persona di genere neutro, con viso ovale e fisico atletico, di etnia africana.",33,82,87,178,50,50,50,80,50,50,50,1,40,50,50,30,50,50,50,0,0,0,0,0,0,0,33,50,50,50,40,50,40,50,50,50,50,50.0,40.0,50.0,40.0,50.0
"Crea un uomo giovane, con viso a forma di diamante e corpo atletico, di etnia latina.",29,85,90,185,100,0,0,85,60,60,50,2,50,50,50,40,50,60,60,0,0,0,50,0,0,0,29,70,70,70,50,70,60,60,70,70,60,70.0,70.0,80.0,50.0,50.0
"Crea una donna adulta, con fisico tonico e viso rettangolare, di etnia caucasica.",36,68,72,168,0,100,0,60,50,50,50,0,40,40,50,30,40,40,50,0,0,0,0,0,0,0,36,40,50,50,30,50,40,40,50,50,40,50.0,40.0,40.0,50.0,50.0
"Genera una persona di genere neutro, con viso ovale e fisico snodato, di etnia asiatica.",28,76,80,172,50,50,50,73,50,50,50,1,40,50,50,30,50,50,50,0,0,0,0,0,0,0,28,50,50,50,40,50,40,50,50,50,50,50.0,40.0,50.0,40.0,50.0
"Crea un uomo adulto, con viso rotondo e corpo massiccio, di etnia africana.",38,88,95,188,100,0,0,90,60,60,50,2,50,50,50,40,50,60,60,0,0,0,50,0,0,0,38,70,70,70,50,70,60,60,70,70,60,70.0,70.0,80.0,50.0,50.0
"Crea una persona di genere neutro, con viso rettangolare e corporatura atletica, di etnia mediorientale.",32,75,82,170,50,50,50,72,50,50,50,1,40,50,50,30,50,50,50,0,0,0,0,0,0,0,32,50,50,50,40,50,40,50,50,50,50,50.0,40.0,50.0,40.0,50.0
"Genera un uomo anziano, con viso ovale e fisico robusto, di etnia caucasica.",65,85,92,178,100,0,0,85,60,60,50,2,50,50,50,40,50,60,60,0,0,0,50,0,0,0,65,70,70,70,50,70,60,60,70,70,60,70.0,70.0,80.0,50.0,50.0
"Crea una donna di mezza età, con viso a forma di diamante e fisico scolpito, di etnia africana.",45,68,72,165,0,100,0,60,50,50,50,0,40,40,50,30,40,40,50,0,0,0,0,0,0,0,45,40,50,50,30,50,40,40,50,50,40,50.0,40.0,40.0,50.0,50.0
"Genera una persona di genere neutro, con viso ovale e fisico tonico, di etnia asiatica.",28,77,83,173,50,50,50,75,50,50,50,1,40,50,50,30,50,50,50,0,0,0,0,0,0,0,28,50,50,50,40,50,40,50,50,50,50,50.0,40.0,50.0,40.0,50.0
"Crea un uomo giovane, con viso rettangolare e corporatura massiccia, di etnia latina.",27,90,98,190,100,0,0,92,60,60,50,2,50,50,50,40,50,60,60,0,0,0,50,0,0,0,27,70,70,70,50,70,60,60,70,70,60,70.0,70.0,80.0,50.0,50.0
"Crea una donna adulta, con viso rotondo e fisico atletico, di etnia mediorientale.",35,62,68,160,0,100,0,55,50,50,50,0,40,40,50,30,40,40,50,0,0,0,0,0,0,0,35,40,50,50,30,50,40,40,50,50,40,50.0,40.0,40.0,50.0,50.0
"Genera una persona di genere neutro, con viso triangolare e corporatura agile, di etnia africana.",31,72,77,168,50,50,50,68,50,50,50,1,40,50,50,30,50,50,50,0,0,0,0,0,0,0,31,50,50,50,40,50,40,50,50,50,50,50.0,40.0,50.0,40.0,50.0
"Genera un uomo di mezza età, con viso quadrato e fisico atletico, di etnia asiatica.",50,85,88,180,100,0,0,85,60,60,50,2,50,50,50,40,50,60,60,0,0,0,50,0,0,0,50,70,70,70,50,70,60,60,70,70,60,70.0,70.0,80.0,50.0,50.0
"Crea una donna giovane, con viso a forma di cuore e corporatura tonica, di etnia latina.",26,64,69,158,0,100,0,55,50,50,50,0,40,40,50,30,40,40,50,0,0,0,0,0,0,0,26,40,50,50,30,50,40,40,50,50,40,50.0,40.0,40.0,50.0,50.0
"Genera una persona di genere neutro, con viso rettangolare e corporatura atletica, di etnia caucasica.",30,75,82,175,50,50,50,73,50,50,50,1,40,50,50,30,50,50,50,0,0,0,0,0,0,0,30,50,50,50,40,50,40,50,50,50,50,50.0,40.0,50.0,40.0,50.0
"Crea un uomo anziano, con viso rotondo e corporatura massiccia, di etnia africana.",68,88,95,185,100,0,0,90,60,60,50,2,50,50,50,40,50,60,60,0,0,0,50,0,0,0,68,70,70,70,50,70,60,60,70,70,60,70.0,70.0,80.0,50.0,50.0
"Crea una donna di mezza età, con viso ovale e corporatura agile, di etnia asiatica.",40,60,65,160,0,100,0,55,50,50,50,0,40,40,50,30,40,40,50,0,0,0,0,0,0,0,40,40,50,50,30,50,40,40,50,50,40,50.0,40.0,40.0,50.0,50.0
"Genera una persona di genere neutro, con viso ovale e corporatura snodabile, di etnia caucasica.",29,70,75,170,50,50,50,65,50,50,50,1,40,50,50,30,50,50,50,0,0,0,0,0,0,0,29,50,50,50,40,50,40,50,50,50,50,50.0,40.0,50.0,40.0,50.0
"Crea un uomo adulto, con viso a forma di diamante e fisico scolpito, di etnia latina.",38,88,92,185,100,0,0,88,60,60,50,2,50,50,50,40,50,60,60,0,0,0,50,0,0,0,38,70,70,70,50,70,60,60,70,70,60,70.0,70.0,80.0,50.0,50.0
"Crea una donna giovane, con viso triangolare e corporatura agile, di etnia africana.",25,60,65,162,0,100,0,55,50,50,50,0,40,40,50,30,40,40,50,0,0,0,0,0,0,0,25,40,50,50,30,50,40,40,50,50,40,50.0,40.0,40.0,50.0,50.0
"Genera una persona di genere neutro, con viso quadrato e corporatura massiccia, di etnia asiatica.",35,85,90,180,50,50,50,82,50,50,50,1,40,50,50,30,50,50,50,0,0,0,0,0,0,0,35,50,50,50,40,50,40,50,50,50,50,50.0,40.0,50.0,40.0,50.0
"Genera un uomo giovane, con viso a forma di cuore e fisico tonico, di etnia mediorientale.",28,78,84,180,100,0,0,80,60,60,50,2,50,50,50,40,50,60,60,0,0,0,50,0,0,0,28,70,70,70,50,70,60,60,70,70,60,70.0,70.0,80.0,50.0,50.0
"Crea una donna di mezza età, con viso rettangolare e fisico atletico, di etnia caucasica.",42,65,70,165,0,100,0,58,50,50,50,0,40,40,50,30,40,40,50,0,0,0,0,0,0,0,42,40,50,50,30,50,40,40,50,50,40,50.0,40.0,40.0,50.0,50.0
"Genera una persona di genere neutro, con viso a forma di diamante e corporatura atletica, di etnia latina.",30,80,85,175,50,50,50,78,50,50,50,1,40,50,50,30,50,50,50,0,0,0,0,0,0,0,30,50,50,50,40,50,40,50,50,50,50,50.0,40.0,50.0,40.0,50.0
"Crea un uomo adulto, con viso ovale e corporatura robusta, di etnia asiatica.",45,90,96,182,100,0,0,90,60,60,50,2,50,50,50,40,50,60,60,0,0,0,50,0,0,0,45,70,70,70,50,70,60,60,70,70,60,70.0,70.0,80.0,50.0,50.0
"Crea una donna giovane, con viso ovale e corporatura tonica, di etnia africana.",26,64,68,160,0,100,0,57,50,50,50,0,40,40,50,30,40,40,50,0,0,0,0,0,0,0,26,40,50,50,30,50,40,40,50,50,40,50.0,40.0,40.0,50.0,50.0
"Genera una persona di genere neutro, con viso rettangolare e corporatura scolpita, di etnia mediorientale.",34,78,85,178,50,50,50,75,50,50,50,1,40,50,50,30,50,50,50,0,0,0,0,0,0,0,34,50,50,50,40,50,40,50,50,50,50,50.0,40.0,50.0,40.0,50.0
"Crea un uomo adulto, con viso a forma di cuore e corporatura tonica, di etnia caucasica.",40,85,90,180,100,0,0,85,60,60,50,2,50,50,50,40,50,60,60,0,0,0,50,0,0,0,40,70,70,70,50,70,60,60,70,70,60,70.0,70.0,80.0,50.0,50.0
"Crea una donna di mezza età, con viso rettangolare e fisico snodato, di etnia latina.",45,65,70,165,0,100,0,58,50,50,50,0,40,40,50,30,40,40,50,0,0,0,0,0,0,0,45,40,50,50,30,50,40,40,50,50,40,50.0,40.0,40.0,50.0,50.0
"Genera una persona di genere neutro, con viso triangolare e corporatura agile, di etnia africana.",29,72,77,168,50,50,50,68,50,50,50,1,40,50,50,30,50,50,50,0,0,0,0,0,0,0,29,50,50,50,40,50,40,50,50,50,50,50.0,40.0,50.0,40.0,50.0
"Crea un uomo giovane, con viso ovale e corporatura atletica, di etnia asiatica.",27,80,85,175,100,0,0,78,60,60,50,2,50,50,50,40,50,60,60,0,0,0,50,0,0,0,27,70,70,70,50,70,60,60,70,70,60,70.0,70.0,80.0,50.0,50.0
"Genera una donna adulta, con viso ovale e corporatura atletica, di etnia asiatica.",32,65,70,165,0,100,0,60,50,50,50,0,40,40,50,30,40,40,50,0,0,0,0,0,0,0,32,40,50,50,30,50,40,40,50,50,40,50.0,40.0,40.0,50.0,50.0
"Crea una persona di genere neutro, con viso triangolare e corporatura snodabile, di etnia africana.",30,75,80,178,50,50,50,75,50,50,50,1,40,50,50,30,50,50,50,0,0,0,0,0,0,0,30,50,50,50,40,50,40,50,50,50,50,50.0,40.0,50.0,40.0,50.0
"Genera un uomo giovane, con viso quadrato e fisico tonico, di etnia latina.",26,80,85,185,100,0,0,82,60,60,50,2,50,50,50,40,50,60,60,0,0,0,50,0,0,0,26,70,70,70,50,70,60,60,70,70,60,70.0,70.0,80.0,50.0,50.0
"Crea una donna di mezza età, con viso a forma di cuore e fisico scolpito, di etnia caucasica.",45,63,68,160,0,100,0,55,50,50,50,0,40,40,50,30,40,40,50,0,0,0,0,0,0,0,45,40,50,50,30,50,40,40,50,50,40,50.0,40.0,40.0,50.0,50.0
"Crea una persona di genere neutro, con viso ovale e corporatura tonica, di etnia asiatica.",28,70,75,175,50,50,50,68,50,50,50,1,40,50,50,30,50,50,50,0,0,0,0,0,0,0,28,50,50,50,40,50,40,50,50,50,50,50.0,40.0,50.0,40.0,50.0
"Genera un uomo adulto, con viso rettangolare e fisico massiccio, di etnia africana.",39,85,90,185,100,0,0,90,60,60,50,2,50,50,50,40,50,60,60,0,0,0,50,0,0,0,39,70,70,70,50,70,60,60,70,70,60,70.0,70.0,80.0,50.0,50.0
"Crea una donna adulta, con viso ovale e corporatura scolpita, di etnia latina.",35,65,70,162,0,100,0,58,50,50,50,0,40,40,50,30,40,40,50,0,0,0,0,0,0,0,35,40,50,50,30,50,40,40,50,50,40,50.0,40.0,40.0,50.0,50.0
"Genera una persona di genere neutro, con viso a forma di cuore e corporatura atletica, di etnia asiatica.",31,75,80,175,50,50,50,72,50,50,50,1,40,50,50,30,50,50,50,0,0,0,0,0,0,0,31,50,50,50,40,50,40,50,50,50,50,50.0,40.0,50.0,40.0,50.0
"Crea un uomo adulto, con viso triangolare e corporatura tonica, di etnia caucasica.",37,80,85,182,100,0,0,85,60,60,50,2,50,50,50,40,50,60,60,0,0,0,50,0,0,0,37,70,70,70,50,70,60,60,70,70,60,70.0,70.0,80.0,50.0,50.0
"Crea una donna giovane, con viso rettangolare e fisico agile, di etnia africana.",25,60,65,158,0,100,0,52,50,50,50,0,40,40,50,30,40,40,50,0,0,0,0,0,0,0,25,40,50,50,30,50,40,40,50,50,40,50.0,40.0,40.0,50.0,50.0
"Genera una persona di genere neutro, con viso a forma di diamante e fisico scolpito, di etnia mediorientale.",40,80,85,180,50,50,50,78,50,50,50,1,40,50,50,30,50,50,50,0,0,0,0,0,0,0,40,50,50,50,40,50,40,50,50,50,50,50.0,40.0,50.0,40.0,50.0
"Crea un uomo giovane, con viso a forma di cuore e corporatura muscolosa, di etnia asiatica.",28,85,90,188,100,0,0,90,60,60,50,2,50,50,50,40,50,60,60,0,0,0,50,0,0,0,28,70,70,70,50,70,60,60,70,70,60,70.0,70.0,80.0,50.0,50.0
"Crea una donna di mezza età, con viso ovale e corporatura agile, di etnia latina.",46,62,68,160,0,100,0,55,50,50,50,0,40,40,50,30,40,40,50,0,0,0,0,0,0,0,46,40,50,50,30,50,40,40,50,50,40,50.0,40.0,40.0,50.0,50.0
"Genera una persona di genere neutro, con viso rettangolare e fisico massiccio, di etnia africana.",38,85,90,185,50,50,50,88,50,50,50,1,40,50,50,30,50,50,50,0,0,0,0,0,0,0,38,50,50,50,40,50,40,50,50,50,50,50.0,40.0,50.0,40.0,50.0
"Crea un uomo adulto, con viso rettangolare e fisico snodabile, di etnia latina.",35,80,85,180,100,0,0,82,60,60,50,2,50,50,50,40,50,60,60,0,0,0,50,0,0,0,35,70,70,70,50,70,60,60,70,70,60,70.0,70.0,80.0,50.0,50.0
"Crea una donna giovane, con viso quadrato e fisico tonico, di etnia asiatica.",27,63,68,160,0,100,0,55,50,50,50,0,40,40,50,30,40,40,50,0,0,0,0,0,0,0,27,40,50,50,30,50,40,40,50,50,40,50.0,40.0,40.0,50.0,50.0
"Genera una persona di genere neutro, con viso ovale e corporatura scolpita, di etnia caucasica.",34,80,85,175,50,50,50,78,50,50,50,1,40,50,50,30,50,50,50,0,0,0,0,0,0,0,34,50,50,50,40,50,40,50,50,50,50,50.0,40.0,50.0,40.0,50.0
"Crea un uomo giovane, con viso a forma di diamante e fisico agile, di etnia africana.",25,80,85,178,100,0,0,80,60,60,50,2,50,50,50,40,50,60,60,0,0,0,50,0,0,0,25,70,70,70,50,70,60,60,70,70,60,70.0,70.0,80.0,50.0,50.0
"Crea una donna adulta, con viso rettangolare e corporatura massiccia, di etnia caucasica.",33,70,75,168,0,100,0,60,50,50,50,0,40,40,50,30,40,40,50,0,0,0,0,0,0,0,33,40,50,50,30,50,40,40,50,50,40,50.0,40.0,40.0,50.0,50.0
"Genera una persona di genere neutro, con viso triangolare e corporatura snodabile, di etnia asiatica.",31,75,80,175,50,50,50,72,50,50,50,1,40,50,50,30,50,50,50,0,0,0,0,0,0,0,31,50,50,50,40,50,40,50,50,50,50,50.0,40.0,50.0,40.0,50.0
"Crea una persona di genere neutro, con viso triangolare, spalle larghe e mani sottili, di etnia asiatica.",30,78,82,175,50,50,50,70,50,50,50,1,40,50,50,30,50,50,50,0,0,0,0,0,0,0,30,50,50,50,40,50,40,50,50,50,50,50.0,40.0,50.0,40.0,50.0
"Genera una donna adulta, con viso ovale, vita stretta e polsi sottili, di etnia africana.",35,65,68,162,0,100,0,60,50,50,50,0,40,40,50,30,40,40,50,0,0,0,0,0,0,0,35,40,50,50,30,50,40,40,50,50,40,50.0,40.0,40.0,50.0,50.0
"Genera un uomo muscoloso, con viso quadrato, braccia robuste e collo largo, di etnia caucasica.",38,90,95,185,100,0,0,85,60,60,50,2,50,50,50,40,50,60,60,0,0,0,50,0,0,0,38,70,70,70,50,70,60,60,70,70,60,70.0,70.0,80.0,50.0,50.0
"Crea una donna giovane, con viso rotondo, gambe snelle e busto ben proporzionato, di etnia latina.",25,60,63,160,0,100,0,55,50,50,50,0,40,40,50,30,40,40,50,0,0,0,0,0,0,0,25,40,50,50,30,50,40,40,50,50,40,50.0,40.0,40.0,50.0,50.0
"Genera una persona di genere neutro, con viso rettangolare, spalle ben definite e dita lunghe, di etnia asiatica.",33,75,80,175,50,50,50,72,50,50,50,1,40,50,50,30,50,50,50,0,0,0,0,0,0,0,33,50,50,50,40,50,40,50,50,50,50,50.0,40.0,50.0,40.0,50.0
"Crea un uomo adulto, con viso a forma di cuore, gambe muscolose e busto snodabile, di etnia africana.",36,85,88,185,100,0,0,85,60,60,50,2,50,50,50,40,50,60,60,0,0,0,50,0,0,0,36,70,70,70,50,70,60,60,70,70,60,70.0,70.0,80.0,50.0,50.0
"Genera una donna adulta, con viso a forma di diamante, braccia snelle e spalle strette, di etnia caucasica.",34,63,67,162,0,100,0,58,50,50,50,0,40,40,50,30,40,40,50,0,0,0,0,0,0,0,34,40,50,50,30,50,40,40,50,50,40,50.0,40.0,40.0,50.0,50.0
"Crea una persona di genere neutro, con viso quadrato, collo lungo e mani grandi, di etnia latina.",40,80,85,180,50,50,50,75,50,50,50,1,40,50,50,30,50,50,50,0,0,0,0,0,0,0,40,50,50,50,40,50,40,50,50,50,50,50.0,40.0,50.0,40.0,50.0
"Genera un uomo giovane, con viso triangolare, torace ampio e mani callose, di etnia asiatica.",28,85,90,188,100,0,0,90,60,60,50,2,50,50,50,40,50,60,60,0,0,0,50,0,0,0,28,70,70,70,50,70,60,60,70,70,60,70.0,70.0,80.0,50.0,50.0
"Crea una donna di mezza età, con viso ovale, polpacci definiti e busto agile, di etnia africana.",45,62,65,160,0,100,0,55,50,50,50,0,40,40,50,30,40,40,50,0,0,0,0,0,0,0,45,40,50,50,30,50,40,40,50,50,40,50.0,40.0,40.0,50.0,50.0
"Genera una persona di genere neutro, con viso rotondo, torso largo e mani affusolate, di etnia caucasica.",38,75,80,178,50,50,50,75,50,50,50,1,40,50,50,30,50,50,50,0,0,0,0,0,0,0,38,50,50,50,40,50,40,50,50,50,50,50.0,40.0,50.0,40.0,50.0
"Genera un uomo adulto, con viso rettangolare, spalle ampie e dita spesse, di etnia africana.",39,88,92,185,100,0,0,90,60,60,50,2,50,50,50,40,50,60,60,0,0,0,50,0,0,0,39,70,70,70,50,70,60,60,70,70,60,70.0,70.0,80.0,50.0,50.0
"Crea una donna giovane, con viso ovale, vita snella e mani eleganti, di etnia asiatica.",27,60,63,160,0,100,0,55,50,50,50,0,40,40,50,30,40,40,50,0,0,0,0,0,0,0,27,40,50,50,30,50,40,40,50,50,40,50.0,40.0,40.0,50.0,50.0
"Crea una persona di genere neutro, con viso triangolare, braccia forti e collo largo, di etnia latina.",35,80,85,178,50,50,50,78,50,50,50,1,40,50,50,30,50,50,50,0,0,0,0,0,0,0,35,50,50,50,40,50,40,50,50,50,50,50.0,40.0,50.0,40.0,50.0
"Genera un uomo giovane, con viso ovale, busto largo e mani atletiche, di etnia caucasica.",25,85,90,185,100,0,0,85,60,60,50,2,50,50,50,40,50,60,60,0,0,0,50,0,0,0,25,70,70,70,50,70,60,60,70,70,60,70.0,70.0,80.0,50.0,50.0
"Crea una donna adulta, con viso rettangolare, gambe lunghe e mani affusolate, di etnia africana.",33,65,68,162,0,100,0,60,50,50,50,0,40,40,50,30,40,40,50,0,0,0,0,0,0,0,33,40,50,50,30,50,40,40,50,50,40,50.0,40.0,40.0,50.0,50.0
"Crea una persona di genere neutro, con viso quadrato, torso ampio e dita sottili, di etnia asiatica.",31,80,85,175,50,50,50,72,50,50,50,1,40,50,50,30,50,50,50,0,0,0,0,0,0,0,31,50,50,50,40,50,40,50,50,50,50,50.0,40.0,50.0,40.0,50.0
"Genera un uomo adulto, con viso triangolare, collo largo e busto muscoloso, di etnia africana.",37,85,90,185,100,0,0,88,60,60,50,2,50,50,50,40,50,60,60,0,0,0,50,0,0,0,37,70,70,70,50,70,60,60,70,70,60,70.0,70.0,80.0,50.0,50.0
"Genera una donna giovane, con viso a forma di cuore, braccia snelle e mani eleganti, di etnia latina.",26,62,65,160,0,100,0,55,50,50,50,0,40,40,50,30,40,40,50,0,0,0,0,0,0,0,26,40,50,50,30,50,40,40,50,50,40,50.0,40.0,40.0,50.0,50.0
"Crea una persona di genere neutro, con viso a forma di diamante, torace scolpito e gambe muscolose, di etnia asiatica.",32,82,87,177,50,50,50,75,50,50,50,1,40,50,50,30,50,50,50,0,0,0,0,0,0,0,32,50,50,50,40,50,40,50,50,50,50,50.0,40.0,50.0,40.0,50.0
"Genera un uomo adulto, con viso rettangolare, corpo robusto e mani callose, di etnia africana.",40,95,100,190,100,0,0,95,60,60,50,2,50,50,50,40,50,60,60,0,0,0,50,0,0,0,40,70,70,70,50,70,60,60,70,70,60,70.0,70.0,80.0,50.0,50.0
"Genera una donna di mezza età, con viso quadrato, gambe snelle e busto tonico, di etnia caucasica.",42,68,72,165,0,100,0,58,50,50,50,0,40,40,50,30,40,40,50,0,0,0,0,0,0,0,42,40,50,50,30,50,40,40,50,50,40,50.0,40.0,40.0,50.0,50.0
"Genera una persona di genere neutro, con viso rotondo, gambe muscolose e mani larghe, di etnia latina.",29,82,87,177,50,50,50,76,50,50,50,1,40,50,50,30,50,50,50,0,0,0,0,0,0,0,29,50,50,50,40,50,40,50,50,50,50,50.0,40.0,50.0,40.0,50.0
"Genera un uomo giovane, con viso a forma di cuore, corpo tonico e mani piccole, di etnia asiatica.",25,75,80,180,100,0,0,80,60,60,50,2,50,50,50,40,50,60,60,0,0,0,50,0,0,0,25,70,70,70,50,70,60,60,70,70,60,70.0,70.0,80.0,50.0,50.0
"Crea una donna giovane, con viso a forma di quadrato, busto snodato e spalle ampie, di etnia africana.",28,60,65,160,0,100,0,55,50,50,50,0,40,40,50,30,40,40,50,0,0,0,0,0,0,0,28,40,50,50,30,50,40,40,50,50,40,50.0,40.0,40.0,50.0,50.0
"Genera una persona di genere neutro, con viso triangolare, collo snodato e braccia sottili, di etnia caucasica.",34,80,85,178,50,50,50,76,50,50,50,1,40,50,50,30,50,50,50,0,0,0,0,0,0,0,34,50,50,50,40,50,40,50,50,50,50,50.0,40.0,50.0,40.0,50.0
"Crea un uomo adulto, con viso rotondo, busto largo e gambe toniche, di etnia latina.",36,85,90,185,100,0,0,90,60,60,50,2,50,50,50,40,50,60,60,0,0,0,50,0,0,0,36,70,70,70,50,70,60,60,70,70,60,70.0,70.0,80.0,50.0,50.0
"Genera una donna adulta, con viso a forma di cuore, gambe lunghe e collo snodato, di etnia asiatica.",33,62,66,160,0,100,0,55,50,50,50,0,40,40,50,30,40,40,50,0,0,0,0,0,0,0,33,40,50,50,30,50,40,40,50,50,40,50.0,40.0,40.0,50.0,50.0
"Genera una persona di genere neutro, con viso quadrato, busto scolpito e braccia muscolose, di etnia africana.",36,90,95,180,50,50,50,85,50,50,50,1,40,50,50,30,50,50,50,0,0,0,0,0,0,0,36,50,50,50,40,50,40,50,50,50,50,50.0,40.0,50.0,40.0,50.0
"Genera un uomo adulto, con viso triangolare, corpo muscoloso e mani larghe, di etnia caucasica.",37,90,95,188,100,0,0,92,60,60,50,2,50,50,50,40,50,60,60,0,0,0,50,0,0,0,37,70,70,70,50,70,60,60,70,70,60,70.0,70.0,80.0,50.0,50.0
"Crea una donna adulta, con viso a forma di diamante, polpacci definiti e busto snodato, di etnia latina.",38,65,70,165,0,100,0,60,50,50,50,0,40,40,50,30,40,40,50,0,0,0,0,0,0,0,38,40,50,50,30,50,40,40,50,50,40,50.0,40.0,40.0,50.0,50.0
"Genera una persona di genere neutro, con viso a forma di cuore, vita snella e braccia muscolose, di etnia asiatica.",30,78,83,175,50,50,50,72,50,50,50,1,40,50,50,30,50,50,50,0,0,0,0,0,0,0,30,50,50,50,40,50,40,50,50,50,50,50.0,40.0,50.0,40.0,50.0
"Genera un uomo giovane, con viso a forma di diamante, braccia scolpite e collo snodato, di etnia africana.",24,80,85,175,100,0,0,80,60,60,50,2,50,50,50,40,50,60,60,0,0,0,50,0,0,0,24,70,70,70,50,70,60,60,70,70,60,70.0,70.0,80.0,50.0,50.0
"Crea una donna adulta, con viso ovale, busto tonico e spalle ben definite, di etnia caucasica.",32,63,67,165,0,100,0,58,50,50,50,0,40,40,50,30,40,40,50,0,0,0,0,0,0,0,32,40,50,50,30,50,40,40,50,50,40,50.0,40.0,40.0,50.0,50.0
"Genera un uomo giovane con pelle bianca, corpo atletico, mani grandi e collo muscoloso, età 25, peso 75kg, altezza 180cm.",25,80,75,180,0,0,100,80,0,50,50,2,40,40,50,20,40,40,50,0,0,0,0,30,0,0,25,40,50,50,30,50,40,50,60,60,40,50.0,45.0,50.0,50.0,50.0
"Genera una donna giovane con pelle bianca, viso ovale, gambe lunghe e busto tonico, età 22, peso 60kg, altezza 170cm.",22,65,60,170,0,0,100,75,50,60,60,0,40,40,50,20,40,50,50,50,0,0,0,0,0,0,22,40,50,50,20,50,30,40,50,50,30,40.0,40.0,40.0,50.0,50.0
"Genera una persona di genere neutro con pelle bianca, viso quadrato, braccia muscolose e spalle larghe, età 30, peso 85kg, altezza 185cm.",30,90,85,185,0,0,100,85,0,50,50,1,40,40,50,20,40,40,50,0,0,50,0,0,0,0,30,50,50,50,40,50,40,50,50,50,40,50.0,40.0,50.0,50.0,50.0
"Genera un uomo adulto con pelle bianca, viso triangolare, corpo muscoloso e polpacci scolpiti, età 35, peso 90kg, altezza 190cm.",35,95,90,190,0,0,100,92,0,50,50,2,40,40,50,20,40,40,50,0,0,0,0,0,50,0,35,50,50,50,40,50,40,50,60,60,40,50.0,45.0,50.0,50.0,50.0
"Genera una donna adulta con pelle bianca, viso a forma di diamante, busto scolpito e gambe toniche, età 28, peso 68kg, altezza 172cm.",28,70,68,172,0,0,100,75,50,60,60,0,40,40,50,20,40,50,50,0,0,0,0,0,0,50,28,40,50,50,20,50,30,50,50,50,30,40.0,40.0,40.0,50.0,50.0
"Genera una persona di genere neutro con pelle bianca, viso rettangolare, spalle larghe e vita snella, età 29, peso 78kg, altezza 180cm.",29,85,78,180,0,0,100,80,0,50,50,1,40,40,50,20,40,40,50,0,0,0,0,0,0,0,29,50,50,50,40,50,40,50,50,50,40,50.0,40.0,50.0,50.0,50.0
"Genera un uomo giovane con pelle bianca, viso rotondo, corpo scolpito e collo muscoloso, età 23, peso 72kg, altezza 175cm.",23,78,72,175,0,0,100,78,0,50,50,2,40,40,50,20,40,40,50,0,50,0,0,0,0,0,23,50,50,50,40,50,40,50,60,60,40,50.0,45.0,50.0,50.0,50.0
"Genera una donna adulta con pelle bianca, viso triangolare, busto snodato e vita sottile, età 33, peso 63kg, altezza 168cm.",33,70,63,168,0,0,100,70,50,60,60,0,40,40,50,20,40,40,50,0,0,0,0,0,50,0,33,40,50,50,20,50,30,40,50,50,30,40.0,40.0,40.0,50.0,50.0
"Genera una persona di genere neutro con pelle bianca, viso ovale, braccia sottili e mani piccole, età 26, peso 68kg, altezza 178cm.",26,75,68,178,0,0,100,75,0,50,50,1,40,40,50,20,40,50,50,50,0,0,0,0,0,0,26,40,50,50,20,50,30,40,50,50,30,40.0,40.0,40.0,50.0,50.0
"Genera un uomo adulto con pelle bianca, viso quadrato, corpo scolpito e mani larghe, età 40, peso 95kg, altezza 188cm.",40,100,95,188,0,0,100,95,0,50,50,2,40,40,50,20,40,40,50,0,0,50,0,0,0,0,40,50,50,50,40,50,40,50,60,60,40,50.0,45.0,50.0,50.0,50.0
"Crea un uomo adulto con pelle bianca, corpo atletico e spalle larghe, età 30, peso 85kg, altezza 185cm.",30,85,85,185,0,0,100,85,0,50,50,2,40,40,50,20,40,40,50,0,0,0,0,0,0,0,30,50,50,50,40,50,40,50,60,60,40,50.0,45.0,50.0,50.0,50.0
"Genera una donna giovane con pelle bianca, busto tonico e gambe lunghe, età 24, peso 62kg, altezza 170cm.",24,70,62,170,0,0,100,70,50,60,60,0,40,40,50,20,40,40,50,0,0,0,0,0,0,0,24,40,50,50,30,50,40,40,50,50,30,40.0,40.0,40.0,50.0,50.0
"Crea una persona di genere neutro con pelle bianca, braccia muscolose e mani grandi, età 28, peso 78kg, altezza 180cm.",28,80,78,180,0,0,100,80,0,50,50,1,40,40,50,20,40,40,50,0,0,0,0,0,0,0,28,50,50,50,40,50,40,50,50,50,40,50.0,40.0,50.0,50.0,50.0
"Genera un uomo giovane con pelle bianca, corpo muscoloso e gambe definite, età 27, peso 82kg, altezza 182cm.",27,90,82,182,0,0,100,85,0,50,50,2,40,40,50,20,40,40,50,0,0,0,0,0,0,0,27,50,50,50,40,50,40,50,60,60,40,50.0,45.0,50.0,50.0,50.0
"Crea una donna adulta con pelle bianca, busto scolpito e braccia lunghe, età 32, peso 65kg, altezza 172cm.",32,75,65,172,0,0,100,72,50,60,60,0,40,40,50,20,40,40,50,0,0,0,0,0,0,0,32,40,50,50,30,50,40,40,50,50,30,40.0,40.0,40.0,50.0,50.0
"Genera una persona di genere neutro con pelle bianca, spalle larghe e busto tonico, età 29, peso 76kg, altezza 178cm.",29,85,76,178,0,0,100,78,0,50,50,1,40,40,50,20,40,40,50,0,0,0,0,0,0,0,29,50,50,50,40,50,40,50,50,50,40,50.0,40.0,50.0,50.0,50.0
"Crea un uomo adulto con pelle bianca, busto ampio e gambe scolpite, età 40, peso 95kg, altezza 190cm.",40,100,95,190,0,0,100,90,0,50,50,2,40,40,50,20,40,40,50,0,0,0,0,0,0,0,40,50,50,50,40,50,40,50,60,60,40,50.0,45.0,50.0,50.0,50.0
"Genera una donna giovane con pelle bianca, gambe lunghe e braccia sottili, età 23, peso 58kg, altezza 168cm.",23,65,58,168,0,0,100,68,50,60,60,0,40,40,50,20,40,40,50,0,0,0,0,0,0,0,23,40,50,50,30,50,40,40,50,50,30,40.0,40.0,40.0,50.0,50.0
"Crea una persona di genere neutro con pelle bianca, vita snella e mani proporzionate, età 26, peso 70kg, altezza 175cm.",26,75,70,175,0,0,100,72,0,50,50,1,40,40,50,20,40,40,50,0,0,0,0,0,0,0,26,50,50,50,40,50,40,50,50,50,40,50.0,40.0,50.0,50.0,50.0
"Genera un uomo giovane con pelle bianca, spalle larghe e braccia forti, età 28, peso 80kg, altezza 180cm.",28,85,80,180,0,0,100,82,0,50,50,2,40,40,50,20,40,40,50,0,0,0,0,0,0,0,28,50,50,50,40,50,40,50,60,60,40,50.0,45.0,50.0,50.0,50.0
"Crea una donna adulta con pelle bianca, busto proporzionato e gambe toniche, età 35, peso 66kg, altezza 170cm.",35,70,66,170,0,0,100,70,50,60,60,0,40,40,50,20,40,40,50,0,0,0,0,0,0,0,35,40,50,50,30,50,40,40,50,50,30,40.0,40.0,40.0,50.0,50.0
"Genera una persona di genere neutro con pelle bianca, corpo atletico e spalle ben definite, età 31, peso 77kg, altezza 178cm.",31,80,77,178,0,0,100,78,0,50,50,1,40,40,50,20,40,40,50,0,0,0,0,0,0,0,31,50,50,50,40,50,40,50,50,50,40,50.0,40.0,50.0,50.0,50.0
"Crea un uomo adulto con etnia caucasica, spalle larghe e corpo muscoloso, età 34, peso 90kg, altezza 188cm.",34,90,90,188,0,0,100,92,0,50,50,2,40,40,50,20,40,40,50,0,0,0,0,0,0,0,34,50,50,50,40,50,40,50,60,60,40,50.0,45.0,50.0,50.0,50.0
"Genera una donna giovane con pelle bianca, gambe toniche e busto proporzionato, età 25, peso 60kg, altezza 170cm.",25,70,60,170,0,0,100,68,50,60,60,0,40,40,50,20,40,40,50,0,0,0,0,0,0,0,25,40,50,50,30,50,40,40,50,50,30,40.0,40.0,40.0,50.0,50.0
"Crea una persona di genere neutro con etnia caucasica, busto scolpito e mani proporzionate, età 29, peso 75kg, altezza 178cm.",29,80,75,178,0,0,100,80,0,50,50,1,40,40,50,20,40,40,50,0,0,0,0,0,0,0,29,50,50,50,40,50,40,50,50,50,40,50.0,40.0,50.0,50.0,50.0
"Genera un uomo giovane con pelle chiara, corpo atletico e braccia scolpite, età 27, peso 85kg, altezza 185cm.",27,88,85,185,0,0,100,85,0,50,50,2,40,40,50,20,40,40,50,0,0,0,0,0,0,0,27,50,50,50,40,50,40,50,60,60,40,50.0,45.0,50.0,50.0,50.0
"Crea una donna adulta con etnia caucasica, busto tonico e vita snella, età 33, peso 64kg, altezza 172cm.",33,75,64,172,0,0,100,70,50,60,60,0,40,40,50,20,40,40,50,0,0,0,0,0,0,0,33,40,50,50,30,50,40,40,50,50,30,40.0,40.0,40.0,50.0,50.0
"Genera una persona di genere neutro con pelle bianca, spalle larghe e braccia muscolose, età 30, peso 80kg, altezza 180cm.",30,85,80,180,0,0,100,82,0,50,50,1,40,40,50,20,40,40,50,0,0,0,0,0,0,0,30,50,50,50,40,50,40,50,50,50,40,50.0,40.0,50.0,50.0,50.0
"Crea un uomo adulto con pelle chiara, torso ampio e gambe scolpite, età 38, peso 92kg, altezza 190cm.",38,95,92,190,0,0,100,90,0,50,50,2,40,40,50,20,40,40,50,0,0,0,0,0,0,0,38,50,50,50,40,50,40,50,60,60,40,50.0,45.0,50.0,50.0,50.0
"Genera una donna giovane con etnia caucasica, gambe snelle e busto proporzionato, età 24, peso 58kg, altezza 168cm.",24,65,58,168,0,0,100,68,50,60,60,0,40,40,50,20,40,40,50,0,0,0,0,0,0,0,24,40,50,50,30,50,40,40,50,50,30,40.0,40.0,40.0,50.0,50.0
"Crea una persona di genere neutro con pelle chiara, braccia definite e busto scolpito, età 32, peso 78kg, altezza 178cm.",32,80,78,178,0,0,100,78,0,50,50,1,40,40,50,20,40,40,50,0,0,0,0,0,0,0,32,50,50,50,40,50,40,50,50,50,40,50.0,40.0,50.0,50.0,50.0
"Genera un uomo giovane con etnia caucasica, busto tonico e mani grandi, età 26, peso 80kg, altezza 180cm.",26,85,80,180,0,0,100,82,0,50,50,2,40,40,50,20,40,40,50,0,0,0,0,0,0,0,26,50,50,50,40,50,40,50,60,60,40,50.0,45.0,50.0,50.0,50.0
"Crea una donna adulta con pelle chiara, busto scolpito e vita proporzionata, età 36, peso 67kg, altezza 170cm.",36,70,67,170,0,0,100,70,50,60,60,0,40,40,50,20,40,40,50,0,0,0,0,0,0,0,36,40,50,50,30,50,40,40,50,50,30,40.0,40.0,40.0,50.0,50.0
"Genera una persona di genere neutro con etnia caucasica, braccia muscolose e mani proporzionate, età 28, peso 76kg, altezza 177cm.",28,80,76,177,0,0,100,78,0,50,50,1,40,40,50,20,40,40,50,0,0,0,0,0,0,0,28,50,50,50,40,50,40,50,50,50,40,50.0,40.0,50.0,50.0,50.0
"Crea un uomo adulto con pelle olivastra, gambe scolpite e busto ampio, età 39, peso 88kg, altezza 182cm.",39,85,88,182,40,30,30,85,0,50,50,2,40,40,50,20,40,40,50,0,0,0,0,0,0,0,39,50,50,50,40,50,40,50,60,60,40,50.0,45.0,50.0,50.0,50.0
"Genera una donna giovane con pelle scura, busto snello e vita proporzionata, età 25, peso 60kg, altezza 162cm.",25,68,60,162,90,0,10,63,50,60,60,0,40,40,50,20,40,40,50,0,0,0,0,0,0,0,25,40,50,50,30,50,40,40,50,50,30,40.0,40.0,40.0,50.0,50.0
"Crea una persona di genere neutro con pelle chiara, corpo tonico e spalle definite, età 32, peso 75kg, altezza 170cm.",32,80,75,170,0,0,100,76,0,50,50,1,40,40,50,20,40,40,50,0,0,0,0,0,0,0,32,50,50,50,40,50,40,50,50,50,40,50.0,40.0,50.0,50.0,50.0
"Genera un uomo giovane con pelle chiara, braccia muscolose e mani grandi, età 28, peso 80kg, altezza 178cm.",28,88,80,178,0,0,100,82,0,50,50,2,40,40,50,20,40,40,50,0,0,0,0,0,0,0,28,50,50,50,40,50,40,50,60,60,40,50.0,45.0,50.0,50.0,50.0
"Crea una donna adulta con etnia asiatica, gambe slanciate e busto tonico, età 36, peso 64kg, altezza 168cm.",36,70,64,168,0,100,0,66,50,60,60,0,40,40,50,20,40,40,50,0,0,0,0,0,0,0,36,40,50,50,30,50,40,40,50,50,30,40.0,40.0,40.0,50.0,50.0
"Genera una persona di genere neutro con pelle olivastra, busto scolpito e mani lunghe, età 34, peso 73kg, altezza 175cm.",34,75,73,175,40,40,20,75,0,50,50,1,40,40,50,20,40,40,50,0,0,0,0,0,0,0,34,50,50,50,40,50,40,50,50,50,40,50.0,40.0,50.0,50.0,50.0
"Crea un uomo adulto con pelle scura, spalle larghe e gambe robuste, età 42, peso 92kg, altezza 185cm.",42,90,92,185,95,0,5,90,0,50,50,2,40,40,50,20,40,40,50,0,0,0,0,0,0,0,42,50,50,50,40,50,40,50,60,60,40,50.0,45.0,50.0,50.0,50.0
"Genera una donna giovane con pelle chiara, busto proporzionato e mani affusolate, età 27, peso 59kg, altezza 164cm.",27,65,59,164,0,0,100,63,50,60,60,0,40,40,50,20,40,40,50,0,0,0,0,0,0,0,27,40,50,50,30,50,40,40,50,50,30,40.0,40.0,40.0,50.0,50.0
"Crea una persona di genere neutro con etnia africana, corpo atletico e braccia muscolose, età 29, peso 76kg, altezza 173cm.",29,78,76,173,100,0,0,75,0,50,50,1,40,40,50,20,40,40,50,0,0,0,0,0,0,0,29,50,50,50,40,50,40,50,50,50,40,50.0,40.0,50.0,50.0,50.0
"Genera un uomo giovane con pelle chiara, corpo snello e spalle larghe, età 26, peso 72kg, altezza 180cm.",26,78,72,180,0,0,100,78,0,50,50,2,40,40,50,20,40,40,50,0,0,0,0,0,0,0,26,50,50,50,40,50,40,50,60,60,40,50.0,45.0,50.0,50.0,50.0
"Crea una donna adulta con pelle olivastra, gambe scolpite e busto tonico, età 30, peso 62kg, altezza 167cm.",30,70,62,167,40,40,20,65,50,60,60,0,40,40,50,20,40,40,50,0,0,0,0,0,0,0,30,40,50,50,30,50,40,40,50,50,30,40.0,40.0,40.0,50.0,50.0
"Genera una persona di genere neutro con pelle scura, busto largo e mani forti, età 37, peso 85kg, altezza 178cm.",37,85,85,178,100,0,0,83,0,50,50,1,40,40,50,20,40,40,50,0,0,0,0,0,0,0,37,50,50,50,40,50,40,50,50,50,40,50.0,40.0,50.0,50.0,50.0
"Crea un uomo adulto con pelle asiatica, braccia scolpite e gambe toniche, età 35, peso 84kg, altezza 182cm.",35,88,84,182,0,100,0,86,0,50,50,2,40,40,50,20,40,40,50,0,0,0,0,0,0,0,35,50,50,50,40,50,40,50,60,60,40,50.0,45.0,50.0,50.0,50.0
"Genera una donna giovane con pelle chiara, busto proporzionato e mani sottili, età 24, peso 57kg, altezza 162cm.",24,68,57,162,0,0,100,63,50,60,60,0,40,40,50,20,40,40,50,0,0,0,0,0,0,0,24,40,50,50,30,50,40,40,50,50,30,40.0,40.0,40.0,50.0,50.0
"Crea una persona di genere neutro con pelle olivastra, spalle definite e gambe muscolose, età 33, peso 78kg, altezza 176cm.",33,85,78,176,40,40,20,79,0,50,50,1,40,40,50,20,40,40,50,0,0,0,0,0,0,0,33,50,50,50,40,50,40,50,50,50,40,50.0,40.0,50.0,50.0,50.0
"Genera un uomo adulto con pelle chiara, muscolatura scolpita e gambe possenti, età 35, peso 90kg, altezza 185cm.",35,95,90,185,0,0,100,90,0,50,50,2,40,40,50,20,40,40,50,0,0,0,0,0,0,0,35,50,50,50,40,50,50,60,70,70,50,60.0,50.0,60.0,50.0,50.0
"Crea una donna giovane con pelle chiara, muscolatura tonica e spalle ben definite, età 28, peso 65kg, altezza 170cm.",28,70,65,170,0,0,100,68,50,60,60,0,40,40,50,20,40,40,50,0,0,0,0,0,0,0,28,40,50,50,30,50,50,50,60,60,40,50.0,40.0,50.0,50.0,50.0
"Genera una persona di genere neutro con pelle olivastra, muscolatura equilibrata e braccia lunghe, età 30, peso 75kg, altezza 175cm.",30,80,75,175,40,40,20,77,0,50,50,1,40,40,50,20,40,40,50,0,0,0,0,0,0,0,30,50,50,50,40,50,50,50,50,50,40,50.0,40.0,50.0,50.0,50.0
"Crea un uomo giovane con pelle scura, muscolatura accentuata e spalle larghe, età 26, peso 85kg, altezza 182cm.",26,90,85,182,90,0,10,88,0,50,50,2,40,40,50,20,40,40,50,0,0,0,0,0,0,0,26,50,50,50,40,50,50,60,70,70,50,60.0,50.0,60.0,50.0,50.0
"Genera una donna adulta con pelle chiara, corporatura atletica e busto proporzionato, età 33, peso 62kg, altezza 165cm.",33,72,62,165,0,0,100,64,50,60,60,0,40,40,50,20,40,40,50,0,0,0,0,0,0,0,33,40,50,50,30,50,40,40,50,50,30,40.0,40.0,40.0,50.0,50.0
"Crea una persona di genere neutro con pelle scura, muscolatura sviluppata e gambe scolpite, età 29, peso 78kg, altezza 172cm.",29,85,78,172,95,0,5,79,0,50,50,1,40,40,50,20,40,40,50,0,0,0,0,0,0,0,29,50,50,50,40,50,50,60,60,60,40,50.0,40.0,50.0,50.0,50.0
"Genera un uomo adulto con pelle chiara, corporatura robusta e torace ampio, età 40, peso 94kg, altezza 188cm.",40,95,94,188,0,0,100,92,0,50,50,2,40,40,50,20,40,40,50,0,0,0,0,0,0,0,40,50,50,50,40,50,50,70,70,70,50,60.0,50.0,60.0,50.0,50.0
"Crea una donna giovane con pelle olivastra, muscolatura tonica e braccia definite, età 24, peso 58kg, altezza 162cm.",24,68,58,162,40,40,20,60,50,60,60,0,40,40,50,20,40,40,50,0,0,0,0,0,0,0,24,40,50,50,30,50,40,40,50,50,30,40.0,40.0,40.0,50.0,50.0
"Genera una persona di genere neutro con pelle chiara, muscolatura scolpita e mani grandi, età 32, peso 80kg, altezza 180cm.",32,88,80,180,0,0,100,82,0,50,50,1,40,40,50,20,40,40,50,0,0,0,0,0,0,0,32,50,50,50,40,50,50,60,60,60,40,50.0,40.0,50.0,50.0,50.0
"Crea un uomo giovane con pelle asiatica, corporatura snella e gambe muscolose, età 27, peso 73kg, altezza 177cm.",27,78,73,177,0,100,0,75,0,50,50,2,40,40,50,20,40,40,50,0,0,0,0,0,0,0,27,50,50,50,40,50,40,50,60,60,40,50.0,40.0,50.0,50.0,50.0
"Genera una donna adulta con pelle scura, muscolatura ben definita e spalle larghe, età 35, peso 67kg, altezza 168cm.",35,75,67,168,100,0,0,70,50,60,60,0,40,40,50,20,40,40,50,0,0,0,0,0,0,0,35,40,50,50,30,50,40,40,60,60,40,50.0,40.0,50.0,50.0,50.0
"Crea una persona di genere neutro con pelle olivastra, muscolatura equilibrata e torace ampio, età 31, peso 76kg, altezza 174cm.",31,85,76,174,40,40,20,78,0,50,50,1,40,40,50,20,40,40,50,0,0,0,0,0,0,0,31,50,50,50,40,50,50,60,50,50,40,50.0,40.0,50.0,50.0,50.0
"Genera un uomo adulto con pelle chiara, muscolatura possente e braccia larghe, età 38, peso 92kg, altezza 186cm.",38,95,92,186,0,0,100,91,0,50,50,2,40,40,50,20,40,40,50,0,0,0,0,0,0,0,38,50,50,50,40,50,50,70,70,70,50,60.0,50.0,60.0,50.0,50.0
"Crea una donna giovane con pelle asiatica, muscolatura tonica e gambe slanciate, età 26, peso 60kg, altezza 165cm.",26,70,60,165,0,100,0,62,50,60,60,0,40,40,50,20,40,40,50,0,0,0,0,0,0,0,26,40,50,50,30,50,40,40,50,50,30,40.0,40.0,40.0,50.0,50.0
"Crea una persona di genere neutro con pelle scura, muscolatura scolpita e mani affusolate, età 29, peso 79kg, altezza 178cm.",29,85,79,178,100,0,0,81,0,50,50,1,40,40,50,20,40,40,50,0,0,0,0,0,0,0,29,50,50,50,40,50,50,50,50,50,40,50.0,40.0,50.0,50.0,50.0
"Crea una donna giovane con pelle chiara, corporatura esile e braccia sottili, età 22, peso 50kg, altezza 165cm.",22,45,50,165,0,0,100,52,40,40,40,0,30,30,40,10,30,30,50,0,0,0,0,0,0,0,22,30,40,40,20,40,20,30,40,40,20,30.0,30.0,30.0,50.0,50.0
"Genera un uomo adulto con pelle olivastra, corporatura esile e gambe slanciate, età 34, peso 62kg, altezza 178cm.",34,50,62,178,30,30,40,65,0,40,40,2,30,30,40,10,30,30,50,0,0,0,0,0,0,0,34,30,40,40,20,40,20,30,40,40,20,30.0,30.0,30.0,50.0,50.0
"Crea una persona di genere neutro con pelle scura, corporatura minuta e mani affusolate, età 28, peso 55kg, altezza 170cm.",28,48,55,170,70,0,30,57,0,40,40,1,30,30,40,10,30,30,50,0,0,0,0,0,0,0,28,30,40,40,20,40,20,30,40,40,20,30.0,30.0,30.0,50.0,50.0
"Genera una donna adulta con pelle asiatica, corporatura snella e busto proporzionato, età 30, peso 52kg, altezza 160cm.",30,47,52,160,0,100,0,54,40,40,40,0,30,30,40,10,30,30,50,0,0,0,0,0,0,0,30,30,40,40,20,40,20,30,40,40,20,30.0,30.0,30.0,50.0,50.0
"Crea un uomo giovane con pelle chiara, corporatura esile e braccia sottili, età 25, peso 58kg, altezza 172cm.",25,53,58,172,0,0,100,60,0,40,40,2,30,30,40,10,30,30,50,0,0,0,0,0,0,0,25,30,40,40,20,40,20,30,40,40,20,30.0,30.0,30.0,50.0,50.0
"Genera una donna giovane con pelle chiara, corporatura esile e vita sottile, età 24, peso 48kg, altezza 162cm.",24,45,48,162,0,0,100,50,40,40,40,0,30,30,40,10,30,30,50,0,0,0,0,0,0,0,24,30,40,40,20,40,20,30,40,40,20,30.0,30.0,30.0,50.0,50.0
"Crea una persona di genere neutro con pelle olivastra, corporatura snella e gambe lunghe, età 27, peso 60kg, altezza 175cm.",27,50,60,175,30,30,40,62,0,40,40,1,30,30,40,10,30,30,50,0,0,0,0,0,0,0,27,30,40,40,20,40,20,30,40,40,20,30.0,30.0,30.0,50.0,50.0
"Genera un uomo adulto con pelle chiara, corporatura magra e busto stretto, età 36, peso 65kg, altezza 180cm.",36,55,65,180,0,0,100,67,0,40,40,2,30,30,40,10,30,30,50,0,0,0,0,0,0,0,36,30,40,40,20,40,20,30,40,40,20,30.0,30.0,30.0,50.0,50.0
"Crea una donna adulta con pelle scura, corporatura esile e busto proporzionato, età 31, peso 56kg, altezza 164cm.",31,48,56,164,100,0,0,58,40,40,40,0,30,30,40,10,30,30,50,0,0,0,0,0,0,0,31,30,40,40,20,40,20,30,40,40,20,30.0,30.0,30.0,50.0,50.0
"Genera una persona di genere neutro con pelle asiatica, corporatura esile e braccia lunghe, età 29, peso 57kg, altezza 168cm.",29,50,57,168,0,100,0,59,0,40,40,1,30,30,40,10,30,30,50,0,0,0,0,0,0,0,29,30,40,40,20,40,20,30,40,40,20,30.0,30.0,30.0,50.0,50.0
"Crea un uomo giovane con pelle scura, corporatura minuta e mani affusolate, età 23, peso 60kg, altezza 175cm.",23,50,60,175,70,0,30,62,0,40,40,2,30,30,40,10,30,30,50,0,0,0,0,0,0,0,23,30,40,40,20,40,20,30,40,40,20,30.0,30.0,30.0,50.0,50.0
"Crea una donna giovane con pelle olivastra, corporatura snella e vita stretta, età 26, peso 50kg, altezza 158cm.",26,45,50,158,30,30,40,52,40,40,40,0,30,30,40,10,30,30,50,0,0,0,0,0,0,0,26,30,40,40,20,40,20,30,40,40,20,30.0,30.0,30.0,50.0,50.0
"Genera una persona di genere neutro con pelle chiara, corporatura minuta e collo lungo, età 28, peso 52kg, altezza 165cm.",28,48,52,165,0,0,100,54,0,40,40,1,30,30,40,10,30,30,50,0,0,0,0,0,0,0,28,30,40,40,20,40,20,30,40,40,20,30.0,30.0,30.0,50.0,50.0
